"ChEMBL ID";"Name";"Synonyms";"Type";"Max Phase";"Molecular Weight";"Targets";"Bioactivities";"AlogP";"PSA";"HBA";"HBD";"#RO5 Violations";"#Rotatable Bonds";"Passes Ro3";"QED Weighted";"CX ApKa";"CX BpKa";"CX LogP";"CX LogD";"Aromatic Rings";"Structure Type";"Inorganic Flag";"Heavy Atoms";"HBA Lipinski";"HBD Lipinski";"#RO5 Violations (Lipinski)";"Molecular Weight (Monoisotopic)";"Molecular Species";"Molecular Formula";"Smiles"
"CHEMBL1201420";"UROKINASE";"Abbokinase|KINLYTIC|UKIDAN|UROKINASE";"Enzyme";"4";"";"4";"22";"";"";"";"";"";"";"";"";"";"";"";"";"";"SEQ";"0";"";"";"";"";"";"";"";""
"CHEMBL2109084";"DESMOTEPLASE";"DESMOTEPLASE|DSPA DESMOTEPLASE|RDSPA ALPHA 1";"Enzyme";"3";"";"";"";"";"";"";"";"";"";"";"";"";"";"";"";"";"NONE";"0";"";"";"";"";"";"";"";""
"CHEMBL2109121";"DIPHTHERIA TOXOID";"DIPHTHERIA TOXOID";"Unknown";"3";"";"";"";"";"";"";"";"";"";"";"";"";"";"";"";"";"NONE";"0";"";"";"";"";"";"";"";""
"CHEMBL2109225";"RUBELLA VIRUS VACCINE LIVE";"Meruvax|RUBELLA VIRUS VACCINE LIVE";"Unknown";"3";"";"";"";"";"";"";"";"";"";"";"";"";"";"";"";"";"NONE";"0";"";"";"";"";"";"";"";""
"CHEMBL2108791";"TENECTEPLASE";"METALYSE|TENECTEPLASE|TNK-TPA";"Enzyme";"4";"";"";"";"";"";"";"";"";"";"";"";"";"";"";"";"";"NONE";"0";"";"";"";"";"";"";"";""
"CHEMBL1201593";"ALTEPLASE";"ACTILYSE|ACTILYSE CATHFLO|ALTEPLASE|ALTEPLASE (GENETICAL RECOMBINATION)|ALTEPLASE FOR INJECTION|Activase|CATHFLO ACTIVASE|RT-PA|TISSUE PLASMINOGEN ACTIVATOR ALTEPLASE";"Enzyme";"4";"";"2";"19";"";"";"";"";"";"";"";"";"";"";"";"";"";"SEQ";"0";"";"";"";"";"";"";"";""
"CHEMBL2108426";"MONTEPLASE";"MONTEPLASE";"Enzyme";"3";"";"";"";"";"";"";"";"";"";"";"";"";"";"";"";"";"NONE";"0";"";"";"";"";"";"";"";""
"CHEMBL2108457";"NASARUPLASE BETA";"ABBOTT-74187|ABT-187|NASARUPLASE BETA|Prolyse";"Enzyme";"0";"";"";"";"";"";"";"";"";"";"";"";"";"";"";"";"";"NONE";"0";"";"";"";"";"";"";"";""
"CHEMBL2108816";"YELLOW FEVER VACCINE";"FLAVIVIRUS YELLOW FEVER VIRUS 17D-204 WHOLE|YELLOW FEVER VACCINE|YELLOW FEVER, LIVE ATTENUATED|YF-Vax";"Unknown";"3";"";"";"";"";"";"";"";"";"";"";"";"";"";"";"";"";"NONE";"0";"";"";"";"";"";"";"";""
"CHEMBL2109142";"MENINGOCOCCAL POLYSACCHARIDE VACCINE GROUP A";"MENINGOCOCCAL POLYSACCHARIDE VACCINE GROUP A|MENINGOCOCCUS A, PURIFIED POLYSACCHARIDES ANTIGEN";"Oligosaccharide";"0";"";"";"";"";"";"";"";"";"";"";"";"";"";"";"";"";"NONE";"0";"";"";"";"";"";"";"";""
"CHEMBL2108513";"NATEPLASE";"NATEPLASE";"Enzyme";"0";"";"";"";"";"";"";"";"";"";"";"";"";"";"";"";"";"NONE";"0";"";"";"";"";"";"";"";""
"CHEMBL2108556";"PEXIGANAN ACETATE";"Cytolex|MSI-78|PEXIGANAN ACETATE";"Protein";"3";"";"3";"5";"";"";"";"";"";"";"";"";"";"";"";"";"";"NONE";"0";"";"";"";"";"";"";"";""
"CHEMBL2109126";"LEDISMASE";"LEDISMASE";"Enzyme";"0";"";"";"";"";"";"";"";"";"";"";"";"";"";"";"";"";"NONE";"0";"";"";"";"";"";"";"";""
"CHEMBL2109211";"MEASLES VIRUS VACCINE LIVE";"Attenuvax|MEASLES VIRUS VACCINE LIVE|MEASLES, LIVE ATTENUATED";"Unknown";"3";"";"";"";"";"";"";"";"";"";"";"";"";"";"";"";"";"NONE";"0";"";"";"";"";"";"";"";""
"CHEMBL2109042";"INFLUENZA VIRUS VACCINE";"FluShield|Fluogen|Fluzone|INFLUENZA VIRUS VACCINE|INFLUENZA, LIVE ATTENUATED";"Unknown";"4";"";"";"";"";"";"";"";"";"";"";"";"";"";"";"";"";"NONE";"0";"";"";"";"";"";"";"";""
"CHEMBL2108154";"SUDISMASE";"SUDISMASE";"Enzyme";"0";"";"";"";"";"";"";"";"";"";"";"";"";"";"";"";"";"NONE";"0";"";"";"";"";"";"";"";""
"CHEMBL2108939";"CHOLERA VACCINE";"CHOLERA VACCINE|CHOLERA, LIVE ATTENUATED";"Unknown";"4";"";"";"";"";"";"";"";"";"";"";"";"";"";"";"";"";"NONE";"0";"";"";"";"";"";"";"";""
"CHEMBL3545297";"PEXMETINIB";"ARRY-614|PEXMETINIB|Pexmetinib";"Small molecule";"1";"";"";"";"";"";"";"";"";"";"";"";"";"";"";"";"";"NONE";"0";"";"";"";"";"";"";"";""
"CHEMBL2108499";"LANOTEPLASE";"BMS-200980|LANOTEPLASE|SUN 9216";"Enzyme";"0";"";"";"";"";"";"";"";"";"";"";"";"";"";"";"";"";"NONE";"0";"";"";"";"";"";"";"";""
"CHEMBL2108072";"PAMITEPLASE";"PAMITEPLASE";"Enzyme";"0";"";"";"";"";"";"";"";"";"";"";"";"";"";"";"";"";"NONE";"0";"";"";"";"";"";"";"";""
"CHEMBL2108129";"SARUPLASE";"SARUPLASE";"Enzyme";"4";"";"";"";"";"";"";"";"";"";"";"";"";"";"";"";"";"NONE";"0";"";"";"";"";"";"";"";""
"CHEMBL2108375";"DUTEPLASE";"DUTEPLASE";"Enzyme";"0";"";"";"";"";"";"";"";"";"";"";"";"";"";"";"";"";"NONE";"0";"";"";"";"";"";"";"";""
"CHEMBL1628662";"FOROPAFANT";"FOROPAFANT|SR-27417";"Small molecule";"0";"464.72";"2";"3";"7.14";"32.26";"5";"0";"1";"10";"N";"0.32";"None";"8.60";"7.72";"6.49";"3";"MOL";"0";"33";"4";"0";"1";"464.2974";"BASE";"C28H40N4S";"CC(C)c1cc(C(C)C)c(-c2csc(N(CCN(C)C)Cc3cccnc3)n2)c(C(C)C)c1"
"CHEMBL1437847";"SULFAQUINOXALINE";"SULFAQUINOXALINE";"Small molecule";"0";"300.34";"87";"94";"2.01";"97.97";"5";"2";"0";"3";"N";"0.72";"6.79";"2.13";"1.55";"1.01";"3";"MOL";"0";"21";"6";"3";"0";"300.0681";"NEUTRAL";"C14H12N4O2S";"Nc1ccc(S(=O)(=O)Nc2cnc3ccccc3n2)cc1"
"CHEMBL480";"LANSOPRAZOLE";"A-65006|AG-1749|LANSOPRAZOLE|OPIREN|PREVACID 24 HR|PREVACID IV|Prevacid|Prevacid Delayed Release|Prevacid SoluTab|ZOTON";"Small molecule";"4";"369.37";"204";"917";"3.52";"67.87";"4";"1";"0";"5";"N";"0.75";"9.35";"4.16";"3.03";"3.03";"3";"MOL";"0";"25";"5";"1";"0";"369.0759";"NEUTRAL";"C16H14F3N3O2S";"Cc1c(OCC(F)(F)F)ccnc1C[S+]([O-])c1nc2ccccc2[nH]1"
"CHEMBL2108334";"EPTACOG ALFA (ACTIVATED)";"EPTACOG ALFA (ACTIVATED)|EPTACOG BETA (ACTIVATED)";"Protein";"4";"";"";"";"";"";"";"";"";"";"";"";"";"";"";"";"";"NONE";"0";"";"";"";"";"";"";"";""
"CHEMBL2107906";"PLAGUE VACCINE";"PLAGUE VACCINE";"Unknown";"2";"";"";"";"";"";"";"";"";"";"";"";"";"";"";"";"";"NONE";"0";"";"";"";"";"";"";"";""
"CHEMBL2441844";"";"";"Small molecule";"0";"380.23";"6";"11";"2.86";"96.52";"4";"2";"0";"4";"N";"0.85";"3.22";"8.79";"-0.79";"-0.80";"2";"MOL";"-1";"25";"6";"3";"0";"379.0490";"ZWITTERION";"C17H15Cl2N3O3";"Cc1nc2c(c(-c3ccc(Cl)cc3Cl)c1CN)C(=O)N(CC(=O)O)C2"
"CHEMBL2108795";"MENINGOCOCCAL POLYSACCHARIDE VACCINE GROUP C";"MENINGOCOCCAL POLYSACCHARIDE VACCINE GROUP C|MENINGOCOCCUS C, PURIFIED POLYSACCHARIDES ANTIGEN CONJUGATED";"Oligosaccharide";"0";"";"";"";"";"";"";"";"";"";"";"";"";"";"";"";"";"NONE";"0";"";"";"";"";"";"";"";""
"CHEMBL2107909";"RABIES VACCINE";"RABIES VACCINE";"Unknown";"3";"";"";"";"";"";"";"";"";"";"";"";"";"";"";"";"";"NONE";"0";"";"";"";"";"";"";"";""
"CHEMBL2109065";"DROTRECOGIN ALFA (ACTIVATED)";"DROTRECOGIN ALFA|DROTRECOGIN ALFA (ACTIVATED)|LY-203638|LY203638|XIGRIS";"Unknown";"4";"";"";"";"";"";"";"";"";"";"";"";"";"";"";"";"";"NONE";"0";"";"";"";"";"";"";"";""
"CHEMBL4594304";"DANICAMTIV";"DANICAMTIV|MYK-491|MYK491|SAR-440181|SAR440181";"Small molecule";"1";"435.43";"";"";"2.75";"110.33";"7";"1";"0";"5";"N";"0.77";"8.81";"None";"1.49";"1.47";"2";"MOL";"0";"29";"9";"1";"0";"435.1188";"NEUTRAL";"C16H20F3N5O4S";"Cn1cc(S(=O)(=O)[C@@](C)(F)C2CCN(C(=O)Nc3ccon3)CC2)c(C(F)F)n1"
"CHEMBL4594445";"ABEPRAZAN";"ABEPRAZAN|DWP-14012|DWP14012|FEXUPRAZAN";"Small molecule";"2";"410.42";"";"";"3.54";"60.33";"5";"1";"0";"6";"N";"0.68";"None";"8.32";"3.38";"2.41";"3";"MOL";"0";"28";"5";"1";"0";"410.0912";"NEUTRAL";"C19H17F3N2O3S";"CNCc1cn(S(=O)(=O)c2cccc(F)c2)c(-c2ccc(F)cc2F)c1OC"
"CHEMBL2108292";"EPTACOG ALFA PEGOL (ACTIVATED)";"ACTIVATED RECOMBINANT HUMAN FACTOR VII, LONG ACTING|EPTACOG ALFA PEGOL (ACTIVATED)";"Protein";"2";"";"";"";"";"";"";"";"";"";"";"";"";"";"";"";"";"NONE";"0";"";"";"";"";"";"";"";""
"CHEMBL2108322";"VATREPTACOG ALFA (ACTIVATED)";"NN-1731|NN1731|VATREPTACOG ALFA (ACTIVATED)";"Protein";"3";"";"";"";"";"";"";"";"";"";"";"";"";"";"";"";"";"NONE";"0";"";"";"";"";"";"";"";""
"CHEMBL1355299";"SULFAETHIDOLE";"SULFAETHIDOLE|SULPHAETHIDOLE";"Small molecule";"0";"284.37";"8";"13";"1.48";"97.97";"6";"2";"0";"4";"N";"0.83";"6.70";"1.95";"0.91";"0.33";"2";"MOL";"0";"18";"6";"3";"0";"284.0402";"NEUTRAL";"C10H12N4O2S2";"CCc1nnc(NS(=O)(=O)c2ccc(N)cc2)s1"
"CHEMBL16596";"QUIFLAPON";"L-686708|MK-591|QUIFLAPON";"Small molecule";"0";"587.19";"19";"70";"9.01";"64.35";"5";"1";"2";"9";"N";"0.17";"4.30";"3.14";"8.50";"5.76";"5";"MOL";"0";"41";"5";"1";"2";"586.2057";"ACID";"C34H35ClN2O3S";"CC(C)(C)Sc1c(CC(C)(C)C(=O)O)n(Cc2ccc(Cl)cc2)c2ccc(OCc3ccc4ccccc4n3)cc12"
"CHEMBL2107078";"SETIPAFANT";"SETIPAFANT";"Small molecule";"0";"519.03";"";"";"5.24";"84.64";"7";"1";"2";"3";"N";"0.40";"None";"4.33";"4.06";"4.06";"4";"MOL";"0";"36";"8";"1";"2";"518.1292";"NEUTRAL";"C26H23ClN6O2S";"COc1ccc(NC(=O)N2CCc3c(sc4c3C(c3ccccc3Cl)=NCc3nnc(C)n3-4)C2)cc1"
"CHEMBL1201438";"ALDESLEUKIN";"ALDESLEUKIN|HUMAN INTERLEUKIN-2|INTERLEUKIN 2|INTERLEUKIN-2 ALDESLEUKIN|Proleukin";"Protein";"4";"";"2";"19";"";"";"";"";"";"";"";"";"";"";"";"";"";"SEQ";"0";"";"";"";"";"";"";"";""
"CHEMBL1201570";"ANAKINRA";"AMG-719|ANAKINRA|Antril|INTERLEUKIN-1 RECEPTOR ANTAGONIST ANAKINRA|KINERET";"Protein";"4";"";"";"";"";"";"";"";"";"";"";"";"";"";"";"";"";"SEQ";"0";"";"";"";"";"";"";"";""
"CHEMBL338802";"SULFAGUANIDINE";"GPPE SUSP FTE|GUANIMYCIN|SULFAGUANIDINE|SULPHAGUANIDINE";"Small molecule";"4";"214.25";"26";"56";"-0.77";"124.56";"3";"3";"0";"2";"N";"0.34";"None";"5.09";"-0.92";"-0.92";"1";"MOL";"0";"14";"6";"6";"1";"214.0524";"NEUTRAL";"C7H10N4O2S";"NC(N)=NS(=O)(=O)c1ccc(N)cc1"
"CHEMBL2104419";"MINOPAFANT";"MINOPAFANT";"Small molecule";"0";"861.56";"2";"20";"9.39";"136.82";"9";"1";"2";"28";"N";"0.05";"None";"None";"5.11";"5.11";"2";"MOL";"0";"59";"13";"1";"3";"825.5372";"NEUTRAL";"C46H73ClN4O9";"CCCCCCCCCCCCCCCCCCNC(=O)OC1CCN(C(=O)OC[C@H](COC(=O)N(Cc2cccc[n+]2CC)C(=O)c2ccccc2OC)OC)CC1.[Cl-]"
"CHEMBL493636";"SULFANITRAN";"SULFANITRAN";"Small molecule";"0";"335.34";"18";"28";"2.35";"118.41";"5";"2";"0";"5";"N";"0.64";"7.44";"None";"1.64";"1.40";"2";"MOL";"0";"23";"8";"2";"0";"335.0576";"NEUTRAL";"C14H13N3O5S";"CC(=O)Nc1ccc(S(=O)(=O)Nc2ccc([N+](=O)[O-])cc2)cc1"
"CHEMBL2108822";"TYPHOID VACCINE";"TYPHOID VACCINE";"Unknown";"3";"";"";"";"";"";"";"";"";"";"";"";"";"";"";"";"";"NONE";"0";"";"";"";"";"";"";"";""
"CHEMBL2108832";"ATTAPULGITE, ACTIVATED";"ACTIVATED ATTAPULGITE|ATTAPULGITE|ATTAPULGITE, ACTIVATED|Parepectolin";"Unknown";"4";"";"";"";"";"";"";"";"";"";"";"";"";"";"";"";"";"NONE";"0";"";"";"";"";"";"";"";""
"CHEMBL2108875";"TETANUS TOXOID";"TETANUS TOXOID";"Unknown";"3";"";"";"";"";"";"";"";"";"";"";"";"";"";"";"";"";"NONE";"0";"";"";"";"";"";"";"";""
"CHEMBL2108876";"TETANUS TOXOID ADSORBED";"TETANUS TOXOID ADSORBED";"Unknown";"3";"";"";"";"";"";"";"";"";"";"";"";"";"";"";"";"";"NONE";"0";"";"";"";"";"";"";"";""
"CHEMBL2107588";"SULFACLOMIDE";"SULFACLOMIDE";"Small molecule";"0";"312.78";"";"";"2.13";"97.97";"5";"2";"0";"3";"N";"0.85";"8.13";"3.45";"1.72";"1.66";"2";"MOL";"0";"20";"6";"3";"0";"312.0448";"NEUTRAL";"C12H13ClN4O2S";"Cc1nc(C)c(Cl)c(NS(=O)(=O)c2ccc(N)cc2)n1"
"CHEMBL2105536";"SULFACECOLE";"SULFACECOLE";"Small molecule";"0";"339.37";"";"";"1.76";"110.53";"6";"2";"0";"7";"N";"0.80";"5.88";"0.38";"1.04";"0.19";"2";"MOL";"0";"23";"8";"2";"0";"339.0889";"ACID";"C14H17N3O5S";"CCOCC(=O)Nc1ccc(S(=O)(=O)Nc2cc(C)on2)cc1"
"CHEMBL2441831";"";"";"Small molecule";"0";"402.29";"6";"6";"3.72";"77.04";"5";"1";"0";"3";"N";"0.72";"11.40";"8.77";"2.68";"1.30";"3";"MOL";"-1";"27";"6";"2";"0";"401.0810";"BASE";"C19H17Cl2N5O";"Cc1nc2c(c(-c3ccc(Cl)cc3Cl)c1CN)C(=O)N(c1ccn(C)n1)C2"
"CHEMBL2105508";"SULFATROZOLE";"SULFATROZOLE";"Small molecule";"0";"300.37";"";"";"1.32";"107.20";"7";"2";"0";"5";"N";"0.81";"5.51";"1.90";"1.40";"0.50";"2";"MOL";"0";"19";"7";"3";"0";"300.0351";"ACID";"C10H12N4O3S2";"CCOc1nsnc1NS(=O)(=O)c1ccc(N)cc1"
"CHEMBL3989833";"ZIPRASIDONE MESYLATE";"CP-88, 059-27|CP-88,059-27|CP-88059-27|CP-8805927|Geodon|ZIPRASIDONE MESYLATE";"Small molecule";"4";"563.10";"";"";"3.81";"48.47";"5";"1";"0";"4";"N";"0.71";"12.21";"7.09";"4.30";"4.13";"3";"MOL";"0";"28";"5";"1";"0";"412.1125";"NEUTRAL";"C22H31ClN4O7S2";"CS(=O)(=O)O.O.O.O.O=C1Cc2cc(CCN3CCN(c4nsc5ccccc45)CC3)c(Cl)cc2N1"
"CHEMBL3112778";"";"";"Small molecule";"0";"717.11";"5";"13";"5.55";"84.44";"7";"0";"2";"9";"N";"0.22";"None";"3.39";"4.80";"4.80";"3";"MOL";"-1";"48";"9";"0";"2";"680.2433";"NEUTRAL";"C33H35ClF6N4O5";"COCCOc1ccccc1N1CCN(C(=O)C2(Oc3ccc(C(F)(F)F)cc3)CCCN(C(=O)c3cnccc3C(F)(F)F)C2)CC1.Cl"
"CHEMBL437";"SULFATHIAZOLE";"SULFATHIAZOLE|SULFATHIAZOLE (TRIPLE SULFA)|SULPHATHIAZOLE|Sulfathiazole|THIAZAMIDE";"Small molecule";"4";"255.32";"206";"919";"1.53";"85.08";"5";"2";"0";"3";"N";"0.81";"6.93";"2.04";"0.98";"0.50";"2";"MOL";"0";"16";"5";"3";"0";"255.0136";"NEUTRAL";"C9H9N3O2S2";"Nc1ccc(S(=O)(=O)Nc2nccs2)cc1"
"CHEMBL2107243";"SULFATHIAZOLE SODIUM";"SULFATHIAZOLE SODIUM";"Small molecule";"0";"277.31";"";"";"1.53";"85.08";"5";"2";"0";"3";"N";"0.81";"6.93";"2.04";"0.98";"0.50";"2";"MOL";"0";"16";"5";"3";"0";"255.0136";"NEUTRAL";"C9H8N3NaO2S2";"Nc1ccc(S(=O)(=O)[N-]c2nccs2)cc1.[Na+]"
"CHEMBL2107593";"SULFALOXIC ACID";"SULFALOXIC ACID|SULPHALOXIC ACID";"Small molecule";"0";"393.38";"";"";"0.57";"161.90";"6";"5";"0";"6";"N";"0.45";"2.89";"None";"0.63";"-3.80";"2";"MOL";"0";"27";"10";"5";"0";"393.0631";"ACID";"C16H15N3O7S";"O=C(NCO)NS(=O)(=O)c1ccc(NC(=O)c2ccccc2C(=O)O)cc1"
"CHEMBL2441846";"";"";"Small molecule";"0";"435.36";"6";"6";"3.65";"79.53";"4";"1";"0";"6";"N";"0.75";"12.40";"8.79";"1.83";"0.43";"2";"MOL";"-1";"29";"6";"2";"0";"434.1276";"BASE";"C21H24Cl2N4O2";"CCN(CC)C(=O)CN1Cc2nc(C)c(CN)c(-c3ccc(Cl)cc3Cl)c2C1=O"
"CHEMBL280164";"APAFANT";"APAFANT|Apafant|WEB 2086 BS|WEB-2086";"Small molecule";"0";"455.97";"18";"72";"3.43";"72.61";"7";"0";"0";"4";"N";"0.60";"None";"4.50";"2.61";"2.61";"3";"MOL";"0";"31";"7";"0";"0";"455.1183";"NEUTRAL";"C22H22ClN5O2S";"Cc1nnc2n1-c1sc(CCC(=O)N3CCOCC3)cc1C(c1ccccc1Cl)=NC2"
"CHEMBL4297869";"COAGULATION FACTOR VIIA RECOMBINANT HUMAN";"ACTIVATED RECOMBINANT HUMAN FACTOR VII|COAGULATION FACTOR VIIA (RECOMBINANT)|COAGULATION FACTOR VIIA RECOMBINANT HUMAN|EPTACOG ALFA (ACTIVATED)|EPTACOG BETA (ACTIVATED)|RECOMBINANT ACTIVATED FACTOR VII";"Unknown";"3";"";"";"";"";"";"";"";"";"";"";"";"";"";"";"";"";"NONE";"0";"";"";"";"";"";"";"";""
"CHEMBL4297600";"RELDESEMTIV";"CK-2127107|RELDESEMTIV";"Small molecule";"2";"384.39";"";"";"2.38";"98.72";"6";"2";"0";"6";"N";"0.68";"None";"3.28";"1.57";"1.57";"3";"MOL";"0";"28";"7";"3";"0";"384.1510";"NEUTRAL";"C19H18F2N6O";"NC(=O)c1ccn(-c2cnc(NC[C@]3(c4ncccc4F)C[C@H](F)C3)nc2)c1"
"CHEMBL4298072";"MARZEPTACOG ALFA (ACTIVATED)";"MARZEPTACOG ALFA (ACTIVATED)|PF-05280602";"Unknown";"1";"";"";"";"";"";"";"";"";"";"";"";"";"";"";"";"";"NONE";"0";"";"";"";"";"";"";"";""
"CHEMBL2107779";"SEMAPIMOD";"CNI-1493|CPSI-2364 FREE BASE|SEMAPIMOD|Semapimod";"Small molecule";"2";"744.91";"2";"3";"2.21";"355.24";"10";"14";"2";"19";"N";"0.04";"13.48";"7.88";"0.49";"-0.47";"2";"MOL";"0";"54";"20";"18";"3";"744.4521";"NEUTRAL";"C34H52N18O2";"C/C(=N\NC(=N)N)c1cc(NC(=O)CCCCCCCCC(=O)Nc2cc(/C(C)=N/NC(=N)N)cc(/C(C)=N/NC(=N)N)c2)cc(/C(C)=N/NC(=N)N)c1"
"CHEMBL17963";"";"";"Small molecule";"0";"537.72";"3";"5";"6.01";"94.12";"7";"0";"2";"26";"N";"0.06";"1.86";"None";"2.07";"4.10";"0";"MOL";"-1";"36";"8";"0";"2";"537.3794";"ACID";"C27H56NO7P";"CCCCCCCCCCCCCCCCOCCC(COP(=O)([O-])OCC[N+](C)(C)C)OC(C)=O"
"CHEMBL4594400";"GLUMETINIB";"GLUMETINIB";"Small molecule";"1";"459.50";"";"";"2.12";"117.79";"11";"0";"1";"4";"N";"0.40";"None";"3.06";"0.42";"0.42";"6";"MOL";"0";"33";"11";"0";"1";"459.1226";"NEUTRAL";"C21H17N9O2S";"Cn1cc(-c2cnc3cnn(S(=O)(=O)c4cnc5ccc(-c6cnn(C)c6)cn45)c3c2)cn1"
"CHEMBL2109180";"NASARUPLASE";"NASARUPLASE";"Enzyme";"0";"";"";"";"";"";"";"";"";"";"";"";"";"";"";"";"";"NONE";"0";"";"";"";"";"";"";"";""
"CHEMBL2109220";"PERTUSSIS VACCINE ADSORBED";"PERTUSSIS VACCINE ADSORBED";"Unknown";"3";"";"";"";"";"";"";"";"";"";"";"";"";"";"";"";"";"NONE";"0";"";"";"";"";"";"";"";""
"CHEMBL2108688";"SMALLPOX VACCINE";"SMALLPOX VACCINE";"Unknown";"3";"";"";"";"";"";"";"";"";"";"";"";"";"";"";"";"";"NONE";"0";"";"";"";"";"";"";"";""
"CHEMBL1275802";"PEXIGANAN";"PEXIGANAN";"Protein";"3";"2477.22";"24";"69";"None";"None";"None";"None";"None";"None";"None";"None";"None";"None";"None";"None";"None";"BOTH";"0";"None";"None";"None";"None";"2475.6297";"None";"C122H210N32O22";"CC[C@H](C)[C@H](NC(=O)CN)C(=O)NCC(=O)N[C@@H](CCCCN)C(=O)N[C@@H](Cc1ccccc1)C(=O)N[C@@H](CC(C)C)C(=O)N[C@@H](CCCCN)C(=O)N[C@@H](CCCCN)C(=O)N[C@@H](C)C(=O)N[C@@H](CCCCN)C(=O)N[C@@H](CCCCN)C(=O)N[C@@H](Cc1ccccc1)C(=O)NCC(=O)N[C@@H](CCCCN)C(=O)N[C@@H](C)C(=O)N[C@@H](Cc1ccccc1)C(=O)N[C@H](C(=O)N[C@@H](CCCCN)C(=O)N[C@H](C(=O)N[C@@H](CC(C)C)C(=O)N[C@@H](CCCCN)C(=O)N[C@@H](CCCCN)C(N)=O)[C@@H](C)CC)C(C)C"
"CHEMBL3039529";"TIRASEMTIV";"CK-2017357|CK2017357|TIRASEMTIV";"Small molecule";"3";"230.27";"8";"25";"1.87";"63.83";"5";"1";"0";"3";"N";"0.82";"10.91";"None";"2.48";"2.48";"2";"MOL";"0";"17";"5";"1";"0";"230.1168";"NEUTRAL";"C12H14N4O";"C#Cc1cnc2nc(O)n(C(CC)CC)c2n1"
"CHEMBL300049";"ALEMCINAL";"A-81229|ABBOTT-81229.0|ABT-229|ALEMCINAL|Alemcinal";"Small molecule";"0";"697.95";"4";"5";"5.20";"125.38";"11";"2";"3";"8";"N";"0.33";"12.82";"9.35";"4.56";"2.62";"0";"MOL";"0";"49";"11";"2";"3";"697.4765";"BASE";"C38H67NO10";"CC[C@H]1OC(=O)[C@H](C)[C@@H](O[C@H]2C[C@@](C)(OC)C[C@H](C)O2)[C@H](C)[C@@H](O[C@@H]2O[C@H](C)C[C@H](N(C)CC)[C@H]2O)[C@@]2(C)CC(C)=C(O2)[C@H](C)[C@@H](O)[C@H]1C"
"CHEMBL2441845";"";"";"Small molecule";"0";"394.26";"5";"5";"3.25";"96.52";"4";"2";"0";"5";"N";"0.81";"3.56";"8.79";"-0.55";"-0.56";"2";"MOL";"-1";"26";"6";"3";"0";"393.0647";"ZWITTERION";"C18H17Cl2N3O3";"Cc1nc2c(c(-c3ccc(Cl)cc3Cl)c1CN)C(=O)N(CCC(=O)O)C2"
"CHEMBL2107088";"SULFASOMIZOLE";"SULFASOMIZOLE|SULPHASOMIZOLE";"Small molecule";"0";"269.35";"";"";"1.83";"85.08";"5";"2";"0";"3";"N";"0.83";"6.11";"3.60";"0.90";"0.10";"2";"MOL";"0";"17";"5";"3";"0";"269.0293";"ACID";"C10H11N3O2S2";"Cc1cc(NS(=O)(=O)c2ccc(N)cc2)sn1"
"CHEMBL1237021";"LURASIDONE";"LATUDA|LURASIDONE|Lurasidone";"Small molecule";"4";"492.69";"6";"7";"4.26";"56.75";"6";"0";"0";"5";"N";"0.58";"None";"8.50";"4.56";"3.43";"2";"MOL";"0";"35";"6";"0";"0";"492.2559";"NEUTRAL";"C28H36N4O2S";"O=C1[C@H]2[C@@H]3CC[C@@H](C3)[C@H]2C(=O)N1C[C@@H]1CCCC[C@H]1CN1CCN(c2nsc3ccccc23)CC1"
"CHEMBL790";"CHLORHEXIDINE";"Avagard|CHLORHEXIDINE|Chlorhexidine|Exidine|Hibistat";"Small molecule";"4";"505.46";"114";"420";"4.18";"167.58";"4";"10";"2";"9";"N";"0.14";"None";"10.45";"4.51";"-1.30";"2";"MOL";"0";"34";"10";"10";"2";"504.2032";"BASE";"C22H30Cl2N10";"N=C(NCCCCCCNC(=N)NC(=N)Nc1ccc(Cl)cc1)NC(=N)Nc1ccc(Cl)cc1"
"CHEMBL1544";"LIOTHYRONINE";"Cytomel|Euthroid-0.5|Euthroid-1|Euthroid-2|Euthroid-3|LEVOTHYROXINE SODIUM RELATED COMPOUND LIOTHYRONINE|LIOTHYRONINE|Liothyronine|NSC-80203|Rathyronine|Tertroxin|Thyrolar-0.25|Thyrolar-0.5|Thyrolar-1|Thyrolar-2|Thyrolar-3|Thyrolar-5|Triiodothyronine (T3 Or Liothyronine, Active) (6-11%)|Triostat";"Small molecule";"4";"650.98";"170";"910";"3.95";"92.78";"4";"3";"1";"5";"N";"0.43";"0.30";"9.48";"2.80";"2.76";"2";"MOL";"0";"23";"5";"4";"1";"650.7901";"ZWITTERION";"C15H12I3NO4";"N[C@@H](Cc1cc(I)c(Oc2ccc(O)c(I)c2)c(I)c1)C(=O)O"
"CHEMBL4298008";"LYMPHOCYTE ACTIVATION GENE 3 PROTEIN";"LAG-3|LYMPHOCYTE ACTIVATION GENE 3 PROTEIN";"Unknown";"1";"";"";"";"";"";"";"";"";"";"";"";"";"";"";"";"";"NONE";"0";"";"";"";"";"";"";"";""
"CHEMBL2441952";"";"";"Small molecule";"0";"407.30";"18";"58";"2.87";"79.53";"4";"1";"0";"4";"N";"0.85";"12.40";"8.79";"1.12";"-0.28";"2";"MOL";"-1";"27";"6";"2";"0";"406.0963";"BASE";"C19H20Cl2N4O2";"Cc1nc2c(c(-c3ccc(Cl)cc3Cl)c1CN)C(=O)N(CC(=O)N(C)C)C2"
"CHEMBL1257753";"REVAPRAZAN HYDROCHLORIDE";"REVAPRAZAN HYDROCHLORIDE|YH1885";"Small molecule";"0";"398.91";"4";"5";"5.10";"41.05";"4";"1";"1";"3";"N";"0.70";"None";"5.97";"5.84";"5.82";"3";"MOL";"0";"27";"4";"1";"1";"362.1907";"NEUTRAL";"C22H24ClFN4";"Cc1nc(Nc2ccc(F)cc2)nc(N2CCc3ccccc3C2C)c1C.Cl"
"CHEMBL405821";"SENICAPOC";"ICA-17043|PF-05416266|SENICAPOC|Senicapoc";"Small molecule";"3";"323.34";"18";"31";"3.78";"43.09";"1";"1";"0";"4";"N";"0.73";"None";"None";"4.46";"4.46";"3";"MOL";"0";"24";"2";"2";"0";"323.1122";"NEUTRAL";"C20H15F2NO";"NC(=O)C(c1ccccc1)(c1ccc(F)cc1)c1ccc(F)cc1"
"CHEMBL1382627";"SULFADIAZINE, SILVER";"FLAMAZINE|FLAMMACERIUM|SILDAFLO|SILVER SULFADIAZINE|SSD AF|SULFADIAZINE SILVER|SULFADIAZINE SILVER SALT|SULFADIAZINE, SILVER|Silvadene|Silver sulfadiazine|THERMAZENE";"Small molecule";"4";"357.14";"76";"87";"0.86";"97.97";"5";"2";"0";"3";"N";"0.79";"6.99";"2.01";"0.39";"-0.05";"2";"MOL";"0";"17";"6";"3";"0";"250.0524";"NEUTRAL";"C10H9AgN4O2S";"Nc1ccc(S(=O)(=O)[N-]c2ncccn2)cc1.[Ag+]"
"CHEMBL4297223";"MITAPIVAT SULFATE";"AG-348 HEMISULFATE SESQUIHYDRATE|AG-348 sulfate hydrate|MITAPIVAT SULFATE";"Small molecule";"1";"1053.25";"";"";"3.20";"82.61";"5";"1";"0";"6";"N";"0.62";"6.79";"7.64";"1.62";"1.70";"3";"MOL";"0";"32";"7";"1";"0";"450.1726";"NEUTRAL";"C48H60N8O13S3";"O.O.O.O=C(c1ccc(NS(=O)(=O)c2cccc3cccnc23)cc1)N1CCN(CC2CC2)CC1.O=C(c1ccc(NS(=O)(=O)c2cccc3cccnc23)cc1)N1CCN(CC2CC2)CC1.O=S(=O)(O)O"
"CHEMBL2107230";"SULFASYMAZINE";"SULFASYMAZINE";"Small molecule";"0";"307.38";"";"";"1.38";"110.86";"6";"2";"0";"5";"N";"0.81";"6.94";"3.55";"2.57";"2.08";"2";"MOL";"0";"21";"7";"3";"0";"307.1103";"NEUTRAL";"C13H17N5O2S";"CCc1nc(CC)nc(NS(=O)(=O)c2ccc(N)cc2)n1"
"CHEMBL1614701";"SELUMETINIB";"ARRY-142886|ARRY-886|AZD-6244|AZD6244|SELUMETINIB|Selumetinib";"Small molecule";"4";"457.69";"1021";"1365";"3.53";"88.41";"6";"3";"0";"6";"N";"0.39";"10.26";"5.07";"4.27";"4.27";"3";"MOL";"0";"27";"7";"3";"0";"456.0000";"NEUTRAL";"C17H15BrClFN4O3";"Cn1cnc2c(F)c(Nc3ccc(Br)cc3Cl)c(C(=O)NOCCO)cc21"
"CHEMBL1201119";"LIOTHYRONINE SODIUM";"CYNOMEL|Cytomel|LIOTHYRONINE SODIUM|LIOTHYRONINE SODIUM SALT|NSC-80774|T3 (LIOTRIX)|TERTROXIN|THYBON|TRIIODOTHYRONINE|TRIIODOTHYRONINE SODIUM, LEVO|TRIIODOTHYRONINE,EVANS|TRIOSTAT";"Small molecule";"4";"672.96";"28";"38";"3.95";"92.78";"4";"3";"1";"5";"N";"0.43";"0.30";"9.48";"2.80";"2.76";"2";"MOL";"0";"23";"5";"4";"1";"650.7901";"ZWITTERION";"C15H11I3NNaO4";"N[C@@H](Cc1cc(I)c(Oc2ccc(O)c(I)c2)c(I)c1)C(=O)[O-].[Na+]"
"CHEMBL2377222";"";"";"Small molecule";"0";"412.53";"5";"12";"5.30";"34.47";"4";"0";"1";"6";"N";"0.55";"None";"None";"4.02";"4.02";"3";"MOL";"-1";"29";"4";"0";"1";"412.1621";"NEUTRAL";"C23H25FN2O2S";"CCN(CC)C(=O)C1Sc2ccccc2-c2c1c1cc(OC)ccc1n2CCF"
"CHEMBL3989794";"DAGLUTRIL";"DAGLUTRIL|SLV-306|SLV306";"Small molecule";"2";"534.65";"";"";"4.30";"113.01";"5";"2";"1";"11";"N";"0.42";"3.83";"None";"5.01";"1.76";"2";"MOL";"0";"39";"8";"2";"1";"534.2730";"ACID";"C31H38N2O6";"CCOC(=O)[C@H](CCCc1ccccc1)C1(C(=O)N[C@H]2CCc3ccccc3N(CC(=O)O)C2=O)CCCC1"
"CHEMBL2107834";"RIOCIGUAT";"ADEMPAS|BAY 63-2521|BAY-63-2521|RIOCIGUAT";"Small molecule";"4";"422.42";"8";"20";"2.44";"138.07";"9";"2";"0";"4";"N";"0.51";"None";"3.50";"2.69";"2.69";"4";"MOL";"0";"31";"10";"4";"0";"422.1615";"NEUTRAL";"C20H19FN8O2";"COC(=O)N(C)c1c(N)nc(-c2nn(Cc3ccccc3F)c3ncccc23)nc1N"
"CHEMBL250212";"SORBIC ACID";"E200|SORBIC ACID";"Small molecule";"0";"112.13";"20";"35";"1.20";"37.30";"1";"1";"0";"2";"Y";"0.43";"4.78";"None";"1.45";"-1.13";"0";"MOL";"0";"8";"2";"1";"0";"112.0524";"ACID";"C6H8O2";"C/C=C/C=C/C(=O)O"
"CHEMBL2110753";"ISEGANAN";"ISEGANAN";"Protein";"3";"1900.33";"";"";"None";"None";"None";"None";"None";"None";"None";"None";"None";"None";"None";"None";"None";"BOTH";"0";"None";"None";"None";"None";"1898.8749";"None";"C78H126N30O18S4";"CC(C)C[C@H](NC(=O)CNC(=O)CNC(=O)[C@@H](N)CCCNC(=N)N)C(=O)N[C@H]1CSSC[C@@H](C(=O)N[C@H](C(=O)NCC(=O)N[C@@H](CCCNC(=N)N)C(N)=O)C(C)C)NC(=O)[C@H](C(C)C)NC(=O)[C@@H]2CSSC[C@H](NC(=O)[C@H](Cc3ccc(O)cc3)NC1=O)C(=O)N[C@@H](CCCNC(=N)N)C(=O)NCC(=O)N[C@@H](CCCNC(=N)N)C(=O)N[C@@H](Cc1ccccc1)C(=O)N2"
"CHEMBL62193";"SULFADIMETHOXINE";"Madribon|SULFADIMETHOXINE|SULPHADIMETHOXINE";"Small molecule";"4";"310.34";"133";"570";"0.88";"116.43";"7";"2";"0";"5";"N";"0.79";"6.91";"1.99";"1.26";"0.78";"2";"MOL";"0";"21";"8";"3";"0";"310.0736";"NEUTRAL";"C12H14N4O4S";"COc1cc(NS(=O)(=O)c2ccc(N)cc2)nc(OC)n1"
"CHEMBL2108487";"UROKINASE ALFA";"ABBOTT-76120|ABT-120|UROKINASE ALFA|r-UK";"Enzyme";"0";"";"";"";"";"";"";"";"";"";"";"";"";"";"";"";"";"NONE";"0";"";"";"";"";"";"";"";""
"CHEMBL2108574";"ANTITHROMBIN III HUMAN";"ANTITHROMBIN III|ANTITHROMBIN III HUMAN|AT III|Kybernin|ORG 10849|THROMBATE III";"Unknown";"4";"";"";"";"";"";"";"";"";"";"";"";"";"";"";"";"";"NONE";"0";"";"";"";"";"";"";"";""
"CHEMBL313489";"QUIFLAPON SODIUM";"MK-591|QUIFLAPON SODIUM";"Small molecule";"0";"609.17";"8";"20";"9.01";"64.35";"5";"1";"2";"9";"N";"0.17";"4.30";"3.14";"8.50";"5.76";"5";"MOL";"0";"41";"5";"1";"2";"586.2057";"ACID";"C34H34ClN2NaO3S";"CC(C)(C)Sc1c(CC(C)(C)C(=O)[O-])n(Cc2ccc(Cl)cc2)c2ccc(OCc3ccc4ccccc4n3)cc12.[Na+]"
"CHEMBL2441837";"";"";"Small molecule";"0";"394.30";"6";"12";"3.81";"68.45";"4";"1";"0";"5";"N";"0.84";"12.42";"8.79";"2.37";"0.97";"2";"MOL";"-1";"26";"5";"2";"0";"393.1011";"BASE";"C19H21Cl2N3O2";"COC[C@H](C)N1Cc2nc(C)c(CN)c(-c3ccc(Cl)cc3Cl)c2C1=O"
"CHEMBL2109122";"DIPHTHERIA TOXOID ADSORBED";"DIPHTHERIA TOXOID ADSORBED";"Unknown";"0";"";"";"";"";"";"";"";"";"";"";"";"";"";"";"";"";"NONE";"0";"";"";"";"";"";"";"";""
"CHEMBL2108405";"EPTACOG ALFA";"EPTACOG ALFA|EPTACOG ALFA (ACTIVATED)|EPTACOG BETA (ACTIVATED)";"Unknown";"3";"";"";"";"";"";"";"";"";"";"";"";"";"";"";"";"";"NONE";"0";"";"";"";"";"";"";"";""
"CHEMBL2109163";"HEPATITIS B VIRUS VACCINE INACTIVATED";"Engerix-B|H-B-Vax|HEPATITIS B VIRUS VACCINE INACTIVATED|Heptavax-B";"Unknown";"3";"";"";"";"";"";"";"";"";"";"";"";"";"";"";"";"";"NONE";"0";"";"";"";"";"";"";"";""
"CHEMBL2109201";"MUMPS VIRUS VACCINE LIVE";"MUMPS VACCINE|MUMPS VIRUS VACCINE LIVE|MUMPS, LIVE ATTENUATED|Mumpsvax";"Unknown";"3";"";"";"";"";"";"";"";"";"";"";"";"";"";"";"";"";"NONE";"0";"";"";"";"";"";"";"";""
"CHEMBL2109219";"PERTUSSIS VACCINE";"ADSORBED PURIFIED PERTUSSIS VACCINE|BORDETELLA PERTUSSIS|PERTUSSIS VACCINE|PERTUSSIS, PURIFIED ANTIGEN";"Unknown";"3";"";"";"";"";"";"";"";"";"";"";"";"";"";"";"";"";"NONE";"0";"";"";"";"";"";"";"";""
"CHEMBL2111078";"SULFABROMOMETHAZINE";"";"Small molecule";"0";"357.23";"";"";"2.24";"97.97";"5";"2";"0";"3";"N";"0.82";"6.99";"1.97";"1.42";"0.98";"2";"MOL";"0";"20";"6";"3";"0";"355.9943";"NEUTRAL";"C12H13BrN4O2S";"Cc1nc(NS(=O)(=O)c2ccc(N)cc2)nc(C)c1Br"
"CHEMBL466425";"";"";"Small molecule";"0";"499.54";"3";"8";"3.65";"63.49";"6";"0";"0";"7";"N";"0.46";"None";"8.56";"2.50";"1.32";"3";"MOL";"-1";"36";"7";"0";"0";"499.2195";"BASE";"C26H28F3N5O2";"CN(CCCN1CCC2(CC1)OCc1cc(F)ncc12)C(=O)C(c1ccc(F)c(F)c1)n1cccn1"
"CHEMBL1615372";"LURASIDONE HYDROCHLORIDE";"LATUDA|LURASIDONE HYDROCHLORIDE|SM-13496";"Small molecule";"4";"529.15";"2";"3";"4.26";"56.75";"6";"0";"0";"5";"N";"0.58";"None";"8.50";"4.56";"3.43";"2";"MOL";"0";"35";"6";"0";"0";"492.2559";"NEUTRAL";"C28H37ClN4O2S";"Cl.O=C1[C@H]2[C@@H]3CC[C@@H](C3)[C@H]2C(=O)N1C[C@@H]1CCCC[C@H]1CN1CCN(c2nsc3ccccc23)CC1"
"CHEMBL2105684";"SELUMETINIB SULFATE";"AZD-6244 HYD-SULFATE|AZD-6244 HYDROGEN SULFATE|AZD6244 HYD-SULFATE|AZD6244 HYDROGEN SULFATE|KOSELUGO|SELUMETINIB SULFATE";"Small molecule";"4";"555.77";"";"";"3.53";"88.41";"6";"3";"0";"6";"N";"0.39";"10.26";"5.07";"4.27";"4.27";"3";"MOL";"0";"27";"7";"3";"0";"456.0000";"NEUTRAL";"C17H17BrClFN4O7S";"Cn1cnc2c(F)c(Nc3ccc(Br)cc3Cl)c(C(=O)NOCCO)cc21.O=S(=O)(O)O"
"CHEMBL2107885";"RETEPLASE";"BM 06.022|BM-06.022|BM-06022|RAPILYSIN|RETAVASE|RETEPLASE";"Enzyme";"4";"";"";"";"";"";"";"";"";"";"";"";"";"";"";"";"";"NONE";"0";"";"";"";"";"";"";"";""
"CHEMBL2107962";"POLIOVIRUS VACCINE INACTIVATED";"POLIOMYELITIS VACCINE|POLIOVIRUS VACCINE INACTIVATED";"Unknown";"3";"";"";"";"";"";"";"";"";"";"";"";"";"";"";"";"";"NONE";"0";"";"";"";"";"";"";"";""
"CHEMBL2108740";"SILTEPLASE";"SILTEPLASE";"Enzyme";"0";"";"";"";"";"";"";"";"";"";"";"";"";"";"";"";"";"NONE";"0";"";"";"";"";"";"";"";""
"CHEMBL1243";"SULFABENZAMIDE";"SULFABENZAMIDE|SULFABENZAMIDE (TRIPLE SULFA)|Sulfabenzamide";"Small molecule";"4";"276.32";"121";"298";"1.39";"89.26";"4";"2";"0";"3";"N";"0.83";"4.32";"2.09";"1.59";"0.65";"2";"MOL";"0";"19";"5";"3";"0";"276.0569";"ACID";"C13H12N2O3S";"Nc1ccc(S(=O)(=O)NC(=O)c2ccccc2)cc1"
"CHEMBL1088752";"LOSMAPIMOD";"FTX-1821|FTX1821|GSK-AHAB|GSKAHAB|GW-856553|GW-856553X|GW856553X|LOSMAPIMOD|Losmapimod";"Small molecule";"3";"383.47";"304";"349";"3.86";"71.09";"3";"2";"0";"5";"N";"0.82";"13.86";"2.60";"3.68";"3.68";"2";"MOL";"0";"28";"5";"2";"0";"383.2009";"NEUTRAL";"C22H26FN3O2";"Cc1c(F)cc(C(=O)NC2CC2)cc1-c1ccc(C(=O)NCC(C)(C)C)cn1"
"CHEMBL2441840";"";"";"Small molecule";"0";"405.33";"6";"6";"3.53";"71.25";"4";"2";"0";"4";"N";"0.82";"12.44";"10.55";"1.95";"-2.19";"2";"MOL";"-1";"27";"5";"3";"0";"404.1171";"BASE";"C20H22Cl2N4O";"Cc1nc2c(c(-c3ccc(Cl)cc3Cl)c1CN)C(=O)N(C[C@@H]1CCCN1)C2"
"CHEMBL2364627";"RALIMETINIB MESYLATE";"LSN2322600|LY2228820 dimesylate|RALIMETINIB MESYLATE";"Small molecule";"0";"612.75";"4";"6";"5.55";"85.41";"5";"2";"1";"3";"N";"0.45";"11.91";"5.18";"6.04";"6.04";"4";"MOL";"0";"31";"6";"3";"1";"420.2438";"NEUTRAL";"C26H37FN6O6S2";"CC(C)(C)Cn1c(N)nc2ccc(-c3[nH]c(C(C)(C)C)nc3-c3ccc(F)cc3)nc21.CS(=O)(=O)O.CS(=O)(=O)O"
"CHEMBL1236682";"REFAMETINIB";"BAY 869766|BAY 8697661|BAY-86-9766|BAY-869766|BAY-8697661|BAY86-9766|RDEA 119|RDEA-119|REFAMETINIB|Refametinib";"Small molecule";"2";"572.34";"284";"294";"3.48";"107.89";"6";"4";"1";"9";"N";"0.34";"7.21";"None";"2.57";"2.24";"2";"MOL";"0";"31";"7";"4";"1";"572.0090";"NEUTRAL";"C19H20F3IN2O5S";"COc1cc(F)c(F)c(Nc2ccc(I)cc2F)c1NS(=O)(=O)C1(C[C@H](O)CO)CC1"
"CHEMBL3989445";"NUPAFANT";"NUPAFANT";"Small molecule";"0";"444.60";"";"";"3.86";"77.32";"6";"0";"0";"10";"N";"0.47";"None";"5.10";"3.15";"3.14";"3";"MOL";"0";"31";"7";"0";"0";"444.2195";"NEUTRAL";"C23H32N4O3S";"CCOC[C@H](CC(C)C)N(C)S(=O)(=O)c1ccc(Cn2c(C)nc3cnccc32)cc1"
"CHEMBL448500";"PHENYLETHYL ALCOHOL";"PHENETHANOL|PHENETHYL ALCOHOL|PHENYLETHANOL|PHENYLETHYL ALCOHOL";"Small molecule";"0";"122.17";"13";"26";"1.22";"20.23";"1";"1";"0";"2";"Y";"0.62";"None";"None";"1.49";"1.49";"1";"MOL";"0";"9";"1";"1";"0";"122.0732";"NEUTRAL";"C8H10O";"OCCc1ccccc1"
"CHEMBL325441";"TIPLASININ";"PAI-039|TIPLASININ";"Small molecule";"0";"439.39";"19";"103";"5.52";"68.53";"4";"1";"1";"6";"N";"0.32";"3.30";"None";"6.62";"3.19";"4";"MOL";"0";"32";"5";"1";"1";"439.1031";"ACID";"C24H16F3NO4";"O=C(O)C(=O)c1cn(Cc2ccccc2)c2ccc(-c3ccc(OC(F)(F)F)cc3)cc12"
"CHEMBL1539";"SULFADOXINE";"Fanasil|Fanzil|J21.373J|RO 4-4393|RO-4-4393|RO-44393|SULFADOXINE|Sulforthamidine|Sulphormethoxine|WR-4073";"Small molecule";"4";"310.34";"121";"771";"0.88";"116.43";"7";"2";"0";"5";"N";"0.79";"6.12";"3.44";"0.58";"-0.22";"2";"MOL";"0";"21";"8";"3";"0";"310.0736";"ACID";"C12H14N4O4S";"COc1ncnc(NS(=O)(=O)c2ccc(N)cc2)c1OC"
"CHEMBL2105741";"TRAMETINIB DIMETHYL SULFOXIDE";"GSK-1120212B|GSK1120212B|MEKINIST|TRAMETINIB DIMETHYL SULFOXIDE";"Small molecule";"4";"693.54";"";"";"None";"None";"None";"None";"None";"None";"None";"None";"None";"None";"None";"None";"None";"MOL";"0";"None";"None";"None";"None";"693.0918";"None";"C28H29FIN5O5S";"CC(=O)Nc1cccc(-n2c(=O)n(C3CC3)c(=O)c3c(Nc4ccc(I)cc4F)n(C)c(=O)c(C)c32)c1.C[S+](C)[O-]"
"CHEMBL18195";"";"";"Small molecule";"0";"537.72";"3";"4";"6.01";"94.12";"7";"0";"2";"26";"N";"0.06";"1.88";"None";"2.07";"4.10";"0";"MOL";"-1";"36";"8";"0";"2";"537.3794";"ACID";"C27H56NO7P";"CCCCCCCCCCCCCCCCOCC(CCOP(=O)([O-])OCC[N+](C)(C)C)OC(C)=O"
"CHEMBL2105398";"SULFAMETROLE";"SULFAMETROLE";"Small molecule";"0";"286.34";"";"";"0.93";"107.20";"7";"2";"0";"4";"N";"0.81";"5.51";"1.90";"1.05";"0.14";"2";"MOL";"0";"18";"7";"3";"0";"286.0194";"ACID";"C9H10N4O3S2";"COc1nsnc1NS(=O)(=O)c1ccc(N)cc1"
"CHEMBL2107260";"SULFAMERAZINE SODIUM [INJECTION]";"SULFAMERAZINE SODIUM|SULFAMERAZINE SODIUM [INJECTION]";"Small molecule";"0";"286.29";"";"";"1.17";"97.97";"5";"2";"0";"3";"N";"0.81";"6.99";"2.00";"0.52";"0.08";"2";"MOL";"0";"18";"6";"3";"0";"264.0681";"NEUTRAL";"C11H11N4NaO2S";"Cc1ccnc([N-]S(=O)(=O)c2ccc(N)cc2)n1.[Na+]"
"CHEMBL2107729";"ATACIGUAT";"ATACIGUAT";"Small molecule";"2";"576.51";"3";"12";"4.13";"121.88";"7";"2";"1";"7";"N";"0.44";"5.84";"None";"3.71";"2.85";"3";"MOL";"0";"35";"9";"2";"1";"574.9813";"ACID";"C21H19Cl2N3O6S3";"O=C(Nc1ccc(S(=O)(=O)N2CCOCC2)cc1)c1cc(Cl)ccc1NS(=O)(=O)c1ccc(Cl)s1"
"CHEMBL88712";"VELIFLAPON";"BAY X 1005|BAY-X-005|BAY-X-1005|DG-031|VELIFLAPON";"Small molecule";"3";"361.44";"8";"13";"5.17";"59.42";"3";"1";"1";"6";"N";"0.66";"4.09";"3.07";"4.73";"1.95";"3";"MOL";"0";"27";"4";"1";"1";"361.1678";"ACID";"C23H23NO3";"O=C(O)[C@@H](c1ccc(OCc2ccc3ccccc3n2)cc1)C1CCCC1"
"CHEMBL1237022";"TOCILIZUMAB";"ACTEMRA ROACTEMRA|ATLIZUMAB|Actemra|BAT-1806|BAT1806|MRA|MSB-11456|MSB11456|R-1569|RG-1569|RHPM-1|RO-4877533|ROACTEMRA|TOCILIZUMAB";"Antibody";"4";"";"";"";"";"";"";"";"";"";"";"";"";"";"";"";"";"SEQ";"0";"";"";"";"";"";"";"";""
"CHEMBL2105500";"SULFAPYRIDINE SODIUM";"SULFAPYRIDINE SODIUM";"Small molecule";"0";"271.28";"";"";"1.46";"85.08";"4";"2";"0";"3";"N";"0.81";"6.24";"2.14";"1.01";"0.24";"2";"MOL";"0";"17";"5";"3";"0";"249.0572";"ACID";"C11H10N3NaO2S";"Nc1ccc(S(=O)(=O)[N-]c2ccccn2)cc1.[Na+]"
"CHEMBL1090089";"PAMAPIMOD";"PAMAPIMOD|Pamapimod|R-1503|R1503|RO 4402257|Ro-4402257";"Small molecule";"2";"406.39";"32";"96";"1.94";"109.50";"8";"3";"0";"8";"N";"0.52";"None";"2.56";"0.93";"0.93";"3";"MOL";"0";"29";"8";"3";"0";"406.1453";"NEUTRAL";"C19H20F2N4O4";"Cn1c(=O)c(Oc2ccc(F)cc2F)cc2cnc(NC(CCO)CCO)nc21"
"CHEMBL2108764";"PROTHROMBIN COMPLEX, ACTIVATED";"PROTHROMBIN COMPLEX, ACTIVATED";"Unknown";"3";"";"";"";"";"";"";"";"";"";"";"";"";"";"";"";"";"NONE";"0";"";"";"";"";"";"";"";""
"CHEMBL2108847";"CARBON, ACTIVATED";"CARBON, ACTIVATED|Darco";"Unknown";"0";"";"";"";"";"";"";"";"";"";"";"";"";"";"";"";"";"NONE";"0";"";"";"";"";"";"";"";""
"CHEMBL2441950";"";"";"Small molecule";"0";"379.25";"6";"6";"2.26";"102.31";"4";"2";"0";"4";"N";"0.85";"12.40";"8.79";"0.67";"-0.73";"2";"MOL";"-1";"25";"6";"4";"0";"378.0650";"BASE";"C17H16Cl2N4O2";"Cc1nc2c(c(-c3ccc(Cl)cc3Cl)c1CN)C(=O)N(CC(N)=O)C2"
"CHEMBL65433";"IMIDUREA";"IMIDUREA";"Small molecule";"0";"388.30";"7";"11";"-4.80";"221.54";"8";"8";"1";"6";"N";"0.16";"7.55";"None";"-5.05";"-5.31";"0";"MOL";"0";"27";"16";"8";"2";"388.1091";"NEUTRAL";"C11H16N8O8";"O=C(NCNC(=O)NC1C(=O)NC(=O)N1CO)NC1C(=O)NC(=O)N1CO"
"CHEMBL2441954";"";"";"Small molecule";"0";"433.34";"6";"6";"3.40";"79.53";"4";"1";"0";"4";"N";"0.80";"12.40";"8.79";"1.52";"0.13";"2";"MOL";"-1";"29";"6";"2";"0";"432.1120";"BASE";"C21H22Cl2N4O2";"Cc1nc2c(c(-c3ccc(Cl)cc3Cl)c1CN)C(=O)N(CC(=O)N1CCCC1)C2"
"CHEMBL34234";"IBROLIPIM";"IBROLIPIM|NO-1886|OPF 009";"Small molecule";"0";"451.26";"5";"14";"5.34";"88.42";"5";"1";"1";"8";"N";"0.55";"None";"None";"4.02";"4.02";"2";"MOL";"0";"27";"6";"1";"1";"450.0344";"NEUTRAL";"C19H20BrN2O4P";"CCOP(=O)(Cc1ccc(C(=O)Nc2ccc(Br)cc2C#N)cc1)OCC"
"CHEMBL3833354";"SULFATOLAMIDE";"SULFATOLAMIDE|SULPHATOLAMIDE";"Small molecule";"0";"417.54";"";"";"None";"None";"None";"None";"None";"None";"None";"None";"None";"None";"None";"None";"None";"MOL";"0";"None";"None";"None";"None";"417.0599";"None";"C14H19N5O4S3";"NC(=S)NS(=O)(=O)c1ccc(N)cc1.NCc1ccc(S(N)(=O)=O)cc1"
"CHEMBL2105156";"NIBROXANE";"COMPOUND 85287|NIBROXANE";"Small molecule";"0";"226.03";"";"";"0.75";"61.60";"4";"0";"0";"1";"N";"0.29";"None";"None";"1.13";"1.13";"0";"MOL";"0";"11";"5";"0";"0";"224.9637";"NEUTRAL";"C5H8BrNO4";"CC1OCC(Br)([N+](=O)[O-])CO1"
"CHEMBL2146883";"COBIMETINIB";"COBIMETINIB|Cobimetinib|Cotellic|GDC-0623|GDC-0973|RG 7420|RG-7420|RG-7421|RG7420|XL-518";"Small molecule";"4";"531.32";"305";"383";"3.78";"64.60";"4";"3";"1";"4";"N";"0.53";"13.37";"9.76";"5.04";"2.73";"2";"MOL";"0";"30";"5";"3";"1";"531.0631";"BASE";"C21H21F3IN3O2";"O=C(c1ccc(F)c(F)c1Nc1ccc(I)cc1F)N1CC(O)([C@@H]2CCCCN2)C1"
"CHEMBL1356342";"";"";"Small molecule";"0";"690.97";"27";"32";"3.95";"92.78";"4";"3";"1";"5";"N";"0.43";"0.30";"9.48";"2.80";"2.76";"2";"MOL";"-1";"23";"5";"4";"1";"650.7901";"ZWITTERION";"C15H13I3NNaO5";"N[C@@H](Cc1cc(I)c(Oc2ccc(O)c(I)c2)c(I)c1)C(=O)[O-].O.[Na+]"
"CHEMBL139";"DICLOFENAC";"Arthrotec|Cambia|Cataflam|DICLOFENAC|LAS-41007|LAS41007|Solaraze|Voltaren|Voltaren Ophthalmic|Voltaren XR|Voltaren-XR|ZORVOLEX|Zorvolex Capsules";"Small molecule";"4";"296.15";"215";"3524";"4.36";"49.33";"2";"2";"0";"4";"N";"0.88";"4.00";"None";"4.26";"1.10";"2";"MOL";"0";"19";"3";"2";"0";"295.0167";"ACID";"C14H11Cl2NO2";"O=C(O)Cc1ccccc1Nc1c(Cl)cccc1Cl"
"CHEMBL2105502";"SORAPRAZAN";"SORAPRAZAN";"Small molecule";"0";"367.45";"";"";"3.18";"68.02";"6";"2";"0";"5";"N";"0.68";"13.33";"6.94";"1.43";"1.31";"3";"MOL";"0";"27";"6";"2";"0";"367.1896";"NEUTRAL";"C21H25N3O3";"COCCO[C@@H]1c2ccn3c(C)c(C)nc3c2N[C@H](c2ccccc2)[C@H]1O"
"CHEMBL2104910";"SULFADICRAMIDE";"SULFADICRAMIDE|SULFADICROLAMIDE";"Small molecule";"0";"254.31";"";"";"1.04";"89.26";"4";"2";"0";"3";"N";"0.62";"4.41";"2.11";"1.13";"0.19";"1";"MOL";"0";"17";"5";"3";"0";"254.0725";"ACID";"C11H14N2O3S";"CC(C)=CC(=O)NS(=O)(=O)c1ccc(N)cc1"
"CHEMBL439";"SULFADIAZINE";"Adiazine|Coco-diazine|Diazyl|NSC-35600|SSD|SULFACOMBIN|SULFADIAZINE|SULFADIAZINE (TRISULFAPYRIMIDINES)|SULPHADIAZINE|Sildaflo|Silvadene|Sulfadiazine|Sulfapyrimidine|Sulfolex|Sulphadiazine|Thermazene";"Small molecule";"4";"250.28";"167";"838";"0.86";"97.97";"5";"2";"0";"3";"N";"0.79";"6.99";"2.01";"0.39";"-0.05";"2";"MOL";"0";"17";"6";"3";"0";"250.0524";"NEUTRAL";"C10H10N4O2S";"Nc1ccc(S(=O)(=O)Nc2ncccn2)cc1"
"CHEMBL2106622";"LIOTHYRONINE I 131";"LIOTHYRONINE I 131|Tri-Thyrotope|Triomet-131";"Small molecule";"1";"662.98";"";"";"3.95";"92.78";"4";"3";"1";"5";"N";"0.43";"0.30";"9.48";"2.80";"2.76";"2";"MOL";"0";"23";"5";"4";"1";"650.7901";"ZWITTERION";"C15H12I3NO4";"N[C@@H](Cc1cc([131I])c(Oc2ccc(O)c([131I])c2)c([131I])c1)C(=O)O"
"CHEMBL438";"SULFAMERAZINE";"Mesulfa|Methypyrimal|SULFAMERAZINE|SULFAMERAZINE (TRISULFAPYRIMIDINES)|Sulfamerazine|Sulfamethyldiazine|Sumedin";"Small molecule";"4";"264.31";"127";"319";"1.17";"97.97";"5";"2";"0";"3";"N";"0.81";"6.99";"2.00";"0.52";"0.08";"2";"MOL";"0";"18";"6";"3";"0";"264.0681";"NEUTRAL";"C11H12N4O2S";"Cc1ccnc(NS(=O)(=O)c2ccc(N)cc2)n1"
"CHEMBL2441833";"";"";"Small molecule";"0";"416.31";"6";"6";"3.71";"77.04";"5";"1";"0";"4";"N";"0.70";"12.41";"8.79";"2.23";"0.84";"3";"MOL";"-1";"28";"6";"2";"0";"415.0967";"BASE";"C20H19Cl2N5O";"Cc1nc2c(c(-c3ccc(Cl)cc3Cl)c1CN)C(=O)N(Cc1ccn(C)n1)C2"
"CHEMBL2106236";"EPIMESTROL";"EPIMESTROL|ORG 817";"Small molecule";"0";"302.41";"";"";"2.88";"49.69";"3";"2";"0";"1";"N";"0.84";"13.62";"None";"2.82";"2.82";"1";"MOL";"0";"22";"3";"2";"0";"302.1882";"NEUTRAL";"C19H26O3";"COc1ccc2c(c1)CC[C@@H]1[C@@H]2CC[C@]2(C)[C@H](O)[C@H](O)C[C@@H]12"
"CHEMBL1236936";"CINACIGUAT";"BAY 58-2667|CINACIGUAT|Cinaciguat";"Small molecule";"2";"565.71";"5";"10";"7.05";"87.07";"4";"2";"2";"17";"N";"0.13";"3.47";"9.78";"5.18";"2.47";"4";"MOL";"0";"42";"6";"2";"2";"565.2828";"ZWITTERION";"C36H39NO5";"O=C(O)CCCCN(CCc1ccccc1OCc1ccc(CCc2ccccc2)cc1)Cc1ccc(C(=O)O)cc1"
"CHEMBL2108905";"BCG VACCINE";"BACILLUS CALMETTE-GUERIN VACCINE|BCG VACCINE|TUBERCULOSIS VACCINE|Tice BCG";"Unknown";"3";"";"2";"19";"";"";"";"";"";"";"";"";"";"";"";"";"";"NONE";"0";"";"";"";"";"";"";"";""
"CHEMBL2108778";"POLIOVIRUS VACCINE LIVE ORAL";"Orimune|POLIOVIRUS VACCINE LIVE ORAL";"Unknown";"3";"";"";"";"";"";"";"";"";"";"";"";"";"";"";"";"";"NONE";"0";"";"";"";"";"";"";"";""
"CHEMBL103667";"DORAMAPIMOD";"BIRB 796 BS|BIRB-796|BIRB-796 BS|DORAMAPIMOD|Doramapimod";"Small molecule";"2";"527.67";"1011";"2042";"5.99";"80.65";"6";"2";"2";"7";"N";"0.31";"11.32";"6.78";"6.37";"6.28";"4";"MOL";"0";"39";"8";"2";"2";"527.2896";"NEUTRAL";"C31H37N5O3";"Cc1ccc(-n2nc(C(C)(C)C)cc2NC(=O)Nc2ccc(OCCN3CCOCC3)c3ccccc23)cc1"
"CHEMBL3187723";"BINIMETINIB";"ARRY 438162|ARRY-162|ARRY-438162|BINIMETINIB|Binimetinib|MEK-162|MEK162|MEKTOVI|NVP-MEK162";"Small molecule";"4";"441.23";"301";"313";"3.01";"88.41";"6";"3";"0";"6";"N";"0.40";"10.26";"5.06";"3.81";"3.81";"3";"MOL";"0";"27";"7";"3";"0";"440.0296";"NEUTRAL";"C17H15BrF2N4O3";"Cn1cnc2c(F)c(Nc3ccc(Br)cc3F)c(C(=O)NOCCO)cc21"
"CHEMBL349811";"TULOPAFANT";"RP-59227|TULOPAFANT|Tulopafant";"Small molecule";"0";"425.51";"3";"5";"5.16";"63.99";"5";"1";"1";"5";"N";"0.45";"None";"4.69";"4.74";"4.74";"4";"MOL";"0";"31";"5";"1";"1";"425.1198";"NEUTRAL";"C25H19N3O2S";"O=C(c1ccccc1)c1cccc(NC(=O)c2ccn3c2CS[C@@H]3c2cccnc2)c1"
"CHEMBL3545226";"ACUMAPIMOD";"ACUMAPIMOD|Acumapimod|BCT-197";"Small molecule";"2";"";"";"";"";"";"";"";"";"";"";"";"";"";"";"";"";"NONE";"0";"";"";"";"";"";"";"";""
"CHEMBL700";"SULFAPYRIDINE";"CONCORD 693|Coccoclase|DAGENAN|Eubasin|Piridazol|SULFAPYRIDINE|SULPHAPYRIDINE|Sulfanilamidopyridine|Sulfapyridine";"Small molecule";"4";"249.30";"36";"123";"1.46";"85.08";"4";"2";"0";"3";"N";"0.81";"6.24";"2.14";"1.01";"0.24";"2";"MOL";"0";"17";"5";"3";"0";"249.0572";"ACID";"C11H11N3O2S";"Nc1ccc(S(=O)(=O)Nc2ccccn2)cc1"
"CHEMBL3989527";"DACOPAFANT";"DACOPAFANT";"Small molecule";"0";"245.31";"";"";"1.78";"60.91";"4";"1";"0";"2";"N";"0.88";"None";"4.69";"1.04";"1.03";"2";"MOL";"0";"17";"4";"2";"0";"245.0623";"NEUTRAL";"C12H11N3OS";"NC(=O)c1ccn2c1CS[C@@H]2c1cccnc1"
"CHEMBL2107474";"SULFACHRYSOIDINE";"SULFACHRYSOIDINE";"Small molecule";"0";"335.35";"";"";"1.61";"174.22";"7";"4";"0";"4";"N";"0.49";"4.79";"2.78";"0.98";"-1.59";"2";"MOL";"0";"23";"9";"7";"1";"335.0688";"ACID";"C13H13N5O4S";"Nc1cc(N)c(/N=N/c2ccc(S(N)(=O)=O)cc2)c(C(=O)O)c1"
"CHEMBL511542";"";"";"Small molecule";"0";"513.56";"3";"4";"4.04";"63.49";"6";"0";"1";"8";"N";"0.43";"None";"8.52";"2.86";"1.71";"3";"MOL";"-1";"37";"7";"0";"1";"513.2352";"BASE";"C27H30F3N5O2";"CCN(CCCN1CCC2(CC1)OCc1cc(F)ncc12)C(=O)C(c1ccc(F)c(F)c1)n1cccn1"
"CHEMBL2107520";"SULFAPROXYLINE";"SULFAPROXYLINE|SULPHAPROXYLINE";"Small molecule";"0";"334.40";"";"";"2.17";"98.49";"5";"2";"0";"5";"N";"0.82";"4.32";"2.07";"2.21";"1.27";"2";"MOL";"0";"23";"6";"3";"0";"334.0987";"ACID";"C16H18N2O4S";"CC(C)Oc1ccc(C(=O)NS(=O)(=O)c2ccc(N)cc2)cc1"
"CHEMBL1800955";"OMECAMTIV MECARBIL";"CK-1827452|OMECAMTIV MECARBIL";"Small molecule";"3";"401.44";"12";"87";"3.06";"86.80";"5";"2";"0";"4";"N";"0.82";"10.38";"5.58";"1.81";"1.80";"2";"MOL";"0";"29";"8";"2";"0";"401.1863";"NEUTRAL";"C20H24FN5O3";"COC(=O)N1CCN(Cc2cccc(NC(=O)Nc3ccc(C)nc3)c2F)CC1"
"CHEMBL139877";"SULFACARBAMIDE";"SULFACARBAMIDE|SULPHAUREA|Sulfacarbamide|UROMIDE";"Small molecule";"4";"215.23";"7";"17";"-0.37";"115.28";"4";"3";"0";"2";"N";"0.58";"4.40";"2.10";"-0.59";"-1.53";"1";"MOL";"0";"14";"6";"5";"0";"215.0365";"ACID";"C7H9N3O3S";"NC(=O)NS(=O)(=O)c1ccc(N)cc1"
"CHEMBL2441834";"";"";"Small molecule";"0";"403.27";"6";"6";"3.97";"85.25";"5";"1";"0";"4";"N";"0.71";"12.40";"8.79";"1.74";"0.34";"3";"MOL";"-1";"27";"6";"2";"0";"402.0650";"BASE";"C19H16Cl2N4O2";"Cc1nc2c(c(-c3ccc(Cl)cc3Cl)c1CN)C(=O)N(Cc1ncco1)C2"
"CHEMBL1783734";"PIRAGLIATIN";"PIRAGLIATIN|RO4389620-R1440";"Small molecule";"0";"421.91";"20";"140";"3.02";"106.09";"6";"1";"0";"6";"N";"0.77";"11.19";"0.08";"1.61";"1.61";"2";"MOL";"0";"28";"7";"1";"0";"421.0863";"NEUTRAL";"C19H20ClN3O4S";"CS(=O)(=O)c1ccc([C@@H](C[C@H]2CCC(=O)C2)C(=O)Nc2cnccn2)cc1Cl"
"CHEMBL1201391";"TENIVASTATIN";"TENIVASTATIN";"Small molecule";"0";"436.59";"8";"74";"4.11";"104.06";"5";"3";"0";"10";"N";"0.45";"4.21";"None";"3.79";"0.77";"0";"MOL";"0";"31";"6";"3";"0";"436.2825";"ACID";"C25H40O6";"CCC(C)(C)C(=O)O[C@H]1C[C@@H](C)C=C2C=C[C@H](C)[C@H](CC[C@@H](O)C[C@@H](O)CC(=O)O)[C@H]21"
"CHEMBL1200359";"SULFAMETER";"AHR-857|Bayrena|SULFAMETER|SULFAMETIN|SULFAMETOXYDIAZINE|SULPHAMETHOXYDIAZINE|Sulfametin|Sulfametoxydiazine|Sulla|Sulphamethoxydiazine|Ultrax";"Small molecule";"4";"280.31";"18";"48";"0.87";"107.20";"6";"2";"0";"4";"N";"0.80";"7.06";"1.98";"0.23";"-0.18";"2";"MOL";"0";"19";"7";"3";"0";"280.0630";"NEUTRAL";"C11H12N4O3S";"COc1cnc(NS(=O)(=O)c2ccc(N)cc2)nc1"
"CHEMBL284127";"DEHYDROACETIC ACID";"DEHYDROACETIC ACID|Dehydroacetic acid|E265";"Small molecule";"0";"168.15";"16";"28";"0.22";"60.44";"4";"0";"0";"1";"N";"0.41";"7.60";"None";"0.44";"0.23";"0";"MOL";"0";"12";"4";"0";"0";"168.0423";"NEUTRAL";"C8H8O4";"CC(=O)C1C(=O)C=C(C)OC1=O"
"CHEMBL1439973";"CHLOROBUTANOL";"CHLORBUTOL|CHLOROBUTANOL|Chloretone|NSC-44794|TRICHLORISOBUTYLALCOHOL";"Small molecule";"4";"177.46";"9";"16";"2.13";"20.23";"1";"1";"0";"0";"Y";"0.56";"12.59";"None";"1.75";"1.75";"0";"MOL";"0";"8";"1";"1";"0";"175.9562";"NEUTRAL";"C4H7Cl3O";"CC(C)(O)C(Cl)(Cl)Cl"
"CHEMBL2104945";"SULFACLORAZOLE";"SULFACLORAZOLE";"Small molecule";"0";"362.84";"";"";"3.22";"90.01";"5";"2";"0";"4";"N";"0.70";"6.82";"3.05";"2.54";"2.02";"3";"MOL";"0";"24";"6";"3";"0";"362.0604";"NEUTRAL";"C16H15ClN4O2S";"Cc1cc(NS(=O)(=O)c2ccc(N)cc2)n(-c2cccc(Cl)c2)n1"
"CHEMBL1922660";"FIBOFLAPON";"AM-803|FIBOFLAPON|GSK-2190915|GSK2190915|GSK2190915B";"Small molecule";"3";"637.85";"18";"39";"8.98";"86.47";"7";"1";"2";"12";"N";"0.14";"4.66";"4.05";"7.92";"5.63";"5";"MOL";"0";"46";"7";"1";"2";"637.2974";"ACID";"C38H43N3O4S";"CCOc1ccc(-c2ccc(Cn3c(CC(C)(C)C(=O)O)c(SC(C)(C)C)c4cc(OCc5ccc(C)cn5)ccc43)cc2)cn1"
"CHEMBL2105862";"ISEGANAN HYDROCHLORIDE";"IB-367-03|ISEGANAN HYDROCHLORIDE|ISEGANAN HYDROCHLORIDE HYDRATE";"Protein";"3";"1936.79";"";"";"None";"None";"None";"None";"None";"None";"None";"None";"None";"None";"None";"None";"None";"BOTH";"0";"None";"None";"None";"None";"1898.8749";"None";"C78H127ClN30O18S4";"CC(C)C[C@H](NC(=O)CNC(=O)CNC(=O)[C@@H](N)CCCNC(=N)N)C(=O)N[C@H]1CSSC[C@@H](C(=O)N[C@H](C(=O)NCC(=O)N[C@@H](CCCNC(=N)N)C(N)=O)C(C)C)NC(=O)[C@H](C(C)C)NC(=O)[C@@H]2CSSC[C@H](NC(=O)[C@H](Cc3ccc(O)cc3)NC1=O)C(=O)N[C@@H](CCCNC(=N)N)C(=O)NCC(=O)N[C@@H](CCCNC(=N)N)C(=O)N[C@@H](Cc1ccccc1)C(=O)N2.Cl"
"CHEMBL325439";"BEPAFANT";"BEPAFANT|Bepafant|WEB-2170";"Small molecule";"0";"467.98";"5";"8";"3.22";"72.61";"7";"0";"0";"2";"N";"0.58";"None";"4.51";"2.75";"2.75";"3";"MOL";"0";"32";"7";"0";"0";"467.1183";"NEUTRAL";"C23H22ClN5O2S";"Cc1nnc2n1-c1sc3c(c1C(c1ccccc1Cl)=NC2)CC(C(=O)N1CCOCC1)C3"
"CHEMBL1443577";"SULFACHLORPYRIDAZINE";"Nefrosul|SULFACHLORPYRIDAZINE|SULPHACHLORPYRIDAZINE|Sonilyn|Sulfachloropyridazine";"Small molecule";"0";"284.73";"34";"61";"1.51";"97.97";"5";"2";"0";"3";"N";"0.83";"6.60";"2.02";"0.85";"0.22";"2";"MOL";"0";"18";"6";"3";"0";"284.0135";"NEUTRAL";"C10H9ClN4O2S";"Nc1ccc(S(=O)(=O)Nc2ccc(Cl)nn2)cc1"
"CHEMBL2441836";"";"";"Small molecule";"0";"380.28";"6";"18";"3.42";"68.45";"4";"1";"0";"5";"N";"0.86";"12.43";"8.79";"1.95";"0.56";"2";"MOL";"-1";"25";"5";"2";"0";"379.0854";"BASE";"C18H19Cl2N3O2";"COCCN1Cc2nc(C)c(CN)c(-c3ccc(Cl)cc3Cl)c2C1=O"
"CHEMBL2107398";"LIOTHYRONINE I 125";"LIOTHYRONINE I 125|Triomet-125";"Small molecule";"0";"644.98";"";"";"3.95";"92.78";"4";"3";"1";"5";"N";"0.43";"0.30";"9.48";"2.80";"2.76";"2";"MOL";"0";"23";"5";"4";"1";"650.7901";"ZWITTERION";"C15H12I3NO4";"N[C@@H](Cc1cc([125I])c(Oc2ccc(O)c([125I])c2)c([125I])c1)C(=O)O"
"CHEMBL268869";"SULFAMETHOXYPYRIDAZINE";"LEDERKYN|Midicel|SUCCINYLSULFATHI|SULFAMETHOXYPYRIDAZINE|SULFASUXIDINE|SULPHAMETHOXYPYRIDAZINE";"Small molecule";"4";"280.31";"23";"62";"0.87";"107.20";"6";"2";"0";"4";"N";"0.80";"6.84";"2.02";"0.47";"-0.05";"2";"MOL";"0";"19";"7";"3";"0";"280.0630";"NEUTRAL";"C11H12N4O3S";"COc1ccc(NS(=O)(=O)c2ccc(N)cc2)nn1"
"CHEMBL497011";"LINAPRAZAN";"AZD-0865|LINAPRAZAN";"Small molecule";"0";"366.47";"13";"31";"2.90";"78.66";"5";"3";"0";"6";"N";"0.63";"None";"6.61";"1.70";"1.64";"3";"MOL";"0";"27";"6";"3";"0";"366.2056";"NEUTRAL";"C21H26N4O2";"Cc1cccc(C)c1CNc1cc(C(=O)NCCO)cn2c(C)c(C)nc12"
"CHEMBL2105890";"MITEMCINAL FUMARATE";"115-8543 JAPAN|115-8543-JAPAN|5-1 UKIMA 5 CHOME|5-1-UKIMA-5-CHOME|GM-611|KITA-KU TOYKO|MITEMCINAL FUMARATE";"Small molecule";"2";"872.06";"";"";"4.53";"151.68";"13";"2";"2";"9";"N";"0.32";"12.63";"9.63";"4.90";"2.68";"0";"MOL";"0";"53";"13";"2";"2";"755.4820";"BASE";"C44H73NO16";"CC[C@H]1OC(=O)[C@H](C)[C@@H](O[C@H]2C[C@@](C)(OC)[C@@H](O)[C@H](C)O2)[C@H](C)[C@@H](O[C@@H]2O[C@H](C)C[C@H](N(C)C(C)C)[C@H]2O)[C@@]2(C)CC(C)=C(O2)[C@H](C)C(=O)[C@]1(C)OC.O=C(O)/C=C/C(=O)O"
"CHEMBL17935";"PLATELET ACTIVATING FACTOR";"";"Small molecule";"0";"523.69";"6";"37";"5.62";"94.12";"7";"0";"2";"25";"N";"0.07";"1.86";"None";"2.01";"4.04";"0";"MOL";"-1";"35";"8";"0";"2";"523.3638";"ACID";"C26H54NO7P";"CCCCCCCCCCCCCCCCOCC(COP(=O)([O-])OCC[N+](C)(C)C)OC(C)=O"
"CHEMBL18157";"";"";"Small molecule";"0";"537.72";"3";"14";"6.01";"94.12";"7";"0";"2";"25";"N";"0.06";"1.83";"None";"2.43";"4.45";"0";"MOL";"-1";"36";"8";"0";"2";"537.3794";"ACID";"C27H56NO7P";"CCCCCCCCCCCCCCCCOCC(OC(C)=O)C(C)OP(=O)([O-])OCC[N+](C)(C)C"
"CHEMBL507361";"MIRDAMETINIB";"MIRDAMETINIB|PD 0325901|PD-0325901";"Small molecule";"2";"482.20";"895";"1032";"2.47";"90.82";"5";"4";"0";"7";"N";"0.36";"11.97";"None";"3.98";"3.98";"2";"MOL";"0";"26";"6";"4";"0";"481.9950";"NEUTRAL";"C16H14F3IN2O4";"O=C(NOC[C@H](O)CO)c1ccc(F)c(F)c1Nc1ccc(I)cc1F"
"CHEMBL2441951";"";"";"Small molecule";"0";"393.27";"7";"7";"2.52";"88.32";"4";"2";"0";"4";"N";"0.84";"12.40";"8.79";"0.89";"-0.50";"2";"MOL";"-1";"26";"6";"3";"0";"392.0807";"BASE";"C18H18Cl2N4O2";"CNC(=O)CN1Cc2nc(C)c(CN)c(-c3ccc(Cl)cc3Cl)c2C1=O"
"CHEMBL2107428";"ISRAPAFANT";"ISRAPAFANT";"Small molecule";"0";"489.09";"2";"12";"7.19";"43.07";"5";"0";"1";"6";"N";"0.29";"None";"4.45";"7.90";"7.90";"4";"MOL";"0";"34";"4";"0";"1";"488.1801";"NEUTRAL";"C28H29ClN4S";"Cc1nnc2n1-c1sc(CCc3ccc(CC(C)C)cc3)cc1C(c1ccccc1Cl)=NC2C"
"CHEMBL2105493";"SULFACLOZINE";"SULFACLOZINE";"Small molecule";"0";"284.73";"";"";"1.51";"97.97";"5";"2";"0";"3";"N";"0.83";"6.49";"1.90";"0.62";"-0.06";"2";"MOL";"0";"18";"6";"3";"0";"284.0135";"ACID";"C10H9ClN4O2S";"Nc1ccc(S(=O)(=O)Nc2cncc(Cl)n2)cc1"
"CHEMBL266510";"FLINDOKALNER";"BMS-204352|FLINDOKALNER|Flindokalner|MaxiPost";"Small molecule";"3";"359.71";"17";"44";"4.53";"38.33";"2";"1";"0";"2";"N";"0.80";"11.56";"None";"4.23";"4.23";"2";"MOL";"0";"24";"3";"1";"0";"359.0336";"NEUTRAL";"C16H10ClF4NO2";"COc1ccc(Cl)cc1[C@]1(F)C(=O)Nc2cc(C(F)(F)F)ccc21"
"CHEMBL1042";"CHOLECALCIFEROL";"7-DEHYDROCHOLESTEROL, ACTIVATED|ACCRETE D3|ACIFEROL D3|ADCAL-D3|AK R215 COMPONENT COLECALCIFEROL|AK-R215 COMPONENT COLECALCIFEROL|AVITICOL|BIO-VITAMIN D3|BIOLIFE VITAMIN D3|CACIT D3|CALCEOS|CALCI-D|CALCICHEW D3|CALCICHEW D3 FTE|CALCICHEW D3 ONCE DAILY|CALDRINK D3|CALFOVIT D3|CHOLECALCIFEROL|COLECAL D3|COLECALCIFEROL|COLEKAL-D3|COLEVIT D3|CUBICOLE D3|Cholecalciferol|Colecalciferol|D-MAX|D-TRACETTEN|D-VIT3|D3 LEMON MELTS|D3-50|DEKRISTOL|DESUNIN|DLUX 400|Dihydrocholesterol|E-D3|EVACAL D3|FULTIUM DAILY D3|FULTIUM-D3|HUX D3|INVITA D3|ISO D3|KORA LIQUID|NATECAL D3|NATURE'S REMEDY VITAMIN D3|NEO-D|NPHD3|NSC-375571|OSTEOCAPS D3|PLENACHOL|PRO D3|PRO D3 FOLIC|PRO D3 FORTE|ROYALVIT D3|STEXEROL-D3|STIVIT-D3|SUNVIT-D3 1,000|SUNVIT-D3 10,000|SUNVIT-D3 2,000|SUNVIT-D3 20,000|SUNVIT-D3 3,000|SUNVIT-D3 400|SUNVIT-D3 5,000|SUNVIT-D3 50,000|SUNVIT-D3 800|SYNERVIT-D3|THEICAL D-3|THORENS|VIGANTOL|VIGANTOLETTEN|VIGANTOLETTEN 500|VIT D3 STREULI|VITA-D3|VITAMIN D|VITAMIN D ASSAY SYSTEM SUITABILITY|VITAMIN D3|Vitamin D 3|ZYMAD";"Small molecule";"4";"384.65";"158";"782";"7.62";"20.23";"1";"1";"1";"6";"N";"0.50";"None";"None";"7.13";"7.13";"0";"MOL";"0";"28";"1";"1";"1";"384.3392";"NEUTRAL";"C27H44O";"C=C1CC[C@H](O)C/C1=C/C=C1\CCC[C@@]2(C)[C@H]1CC[C@@H]2[C@H](C)CCCC(C)C"
"CHEMBL3545213";"BENTAMAPIMOD";"AS-602801|BENTAMAPIMOD|Bentamapimod|PGL-5001";"Small molecule";"2";"457.56";"3";"4";"4.15";"84.16";"8";"0";"0";"7";"N";"0.41";"9.39";"6.91";"4.29";"4.17";"4";"MOL";"0";"33";"7";"0";"0";"457.1572";"NEUTRAL";"C25H23N5O2S";"N#CC(c1ccnc(OCc2ccc(CN3CCOCC3)cc2)n1)c1nc2ccccc2s1"
"CHEMBL2104921";"SULFAMAZONE";"SULFAMAZONE";"Small molecule";"0";"560.61";"";"";"2.08";"174.51";"11";"3";"2";"9";"N";"0.26";"-1.84";"None";"-0.16";"-1.88";"4";"MOL";"0";"38";"13";"3";"2";"560.1148";"ACID";"C23H24N6O7S2";"COc1ccc(NS(=O)(=O)c2ccc(NC(c3c(C)n(C)n(-c4ccccc4)c3=O)S(=O)(=O)O)cc2)nn1"
"CHEMBL2064032";"VONOPRAZAN FUMARATE";"TAK-438|TAK-438 monofumarate|VONOPRAZAN FUMARATE|Vonoprazan fumurate";"Small molecule";"3";"461.47";"6";"10";"2.65";"63.99";"5";"1";"0";"5";"N";"0.77";"None";"8.94";"2.03";"0.49";"3";"MOL";"0";"24";"5";"1";"0";"345.0947";"BASE";"C21H20FN3O6S";"CNCc1cc(-c2ccccc2F)n(S(=O)(=O)c2cccnc2)c1.O=C(O)/C=C/C(=O)O"
"CHEMBL3989953";"ROSIPTOR ACETATE";"AQX-1125 acetate|ROSIPTOR ACETATE";"Small molecule";"0";"381.56";"";"";"3.10";"66.48";"3";"3";"0";"3";"N";"0.70";"None";"10.20";"2.01";"-0.59";"0";"MOL";"0";"23";"3";"4";"0";"321.2668";"BASE";"C22H39NO4";"C=C1CC[C@H]2[C@H](CN)[C@@H]([C@@]3(C)CC[C@H](O)C[C@@H]3CO)CC[C@]12C.CC(=O)O"
"CHEMBL2364626";"RALIMETINIB";"LSN-2322600 FREE BASE|LSN2322600 FREE BASE|LY-2228820|LY2228820|LY22288220|RALIMETINIB|Ralimetinib";"Small molecule";"2";"420.54";"2";"2";"5.55";"85.41";"5";"2";"1";"3";"N";"0.45";"11.91";"5.18";"6.04";"6.04";"4";"MOL";"0";"31";"6";"3";"1";"420.2438";"NEUTRAL";"C24H29FN6";"CC(C)(C)Cn1c(N)nc2ccc(-c3[nH]c(C(C)(C)C)nc3-c3ccc(F)cc3)nc21"
"CHEMBL4297214";"PRALICIGUAT";"IW-1973|PRALICIGUAT";"Small molecule";"2";"534.37";"";"";"4.59";"101.89";"8";"2";"1";"7";"N";"0.33";"7.64";"0.82";"4.78";"4.58";"4";"MOL";"0";"37";"8";"2";"1";"534.1050";"NEUTRAL";"C21H14F8N6O2";"OC(CNc1nc(-c2cc(-c3ccon3)n(Cc3ccccc3F)n2)ncc1F)(C(F)(F)F)C(F)(F)F"
"CHEMBL2103838";"DILMAPIMOD";"DILMAPIMOD|Dilmapimod|GW-681323|SB-681323|SB681323";"Small molecule";"2";"456.42";"";"";"2.94";"100.27";"7";"3";"0";"6";"N";"0.41";"13.38";"1.96";"3.60";"3.60";"4";"MOL";"0";"33";"7";"3";"0";"456.1409";"NEUTRAL";"C23H19F3N4O3";"Cc1cc(F)ccc1-c1nc(NC(CO)CO)nc2c1ccc(=O)n2-c1c(F)cccc1F"
"CHEMBL2107223";"SULFAGUANOLE";"SULFAGUANOLE";"Small molecule";"0";"309.35";"";"";"1.20";"134.10";"6";"4";"0";"3";"N";"0.38";"10.52";"3.20";"0.62";"0.62";"2";"MOL";"0";"21";"8";"5";"0";"309.0896";"NEUTRAL";"C12H15N5O3S";"Cc1nc(NC(=N)NS(=O)(=O)c2ccc(N)cc2)oc1C"
"CHEMBL2441841";"";"";"Small molecule";"0";"509.46";"7";"8";"3.73";"96.60";"5";"1";"1";"6";"N";"0.64";"12.44";"8.79";"1.97";"0.58";"2";"MOL";"-1";"33";"7";"2";"1";"508.1103";"BASE";"C23H26Cl2N4O3S";"Cc1nc2c(c(-c3ccc(Cl)cc3Cl)c1CN)C(=O)N(C[C@@H]1CCCN1S(=O)(=O)C1CC1)C2"
"CHEMBL2441955";"";"";"Small molecule";"0";"447.37";"6";"6";"3.79";"79.53";"4";"1";"0";"4";"N";"0.77";"12.40";"8.79";"1.97";"0.57";"2";"MOL";"-1";"30";"6";"2";"0";"446.1276";"BASE";"C22H24Cl2N4O2";"Cc1nc2c(c(-c3ccc(Cl)cc3Cl)c1CN)C(=O)N(CC(=O)N1CCCCC1)C2"
"CHEMBL1109";"SULFAPHENAZOLE";"ORISULF|SULFAFENAZOL|SULFAPHENAZOLE|SULPHAPHENAZOLE|Sulfabid|Sulfafenazol|Sulfaphenazole";"Small molecule";"4";"314.37";"146";"831";"2.26";"90.01";"5";"2";"0";"4";"N";"0.72";"6.82";"2.44";"1.81";"1.28";"3";"MOL";"0";"22";"6";"3";"0";"314.0837";"NEUTRAL";"C15H14N4O2S";"Nc1ccc(S(=O)(=O)Nc2ccnn2-c2ccccc2)cc1"
"CHEMBL2377221";"";"";"Small molecule";"0";"396.53";"5";"8";"5.47";"25.24";"3";"0";"1";"5";"N";"0.57";"None";"None";"4.61";"4.61";"3";"MOL";"-1";"28";"3";"0";"1";"396.1672";"NEUTRAL";"C23H25FN2OS";"CCN(CC)C(=O)C1(C)Sc2ccccc2-c2c1c1ccccc1n2CCF"
"CHEMBL375126";"";"";"Small molecule";"0";"306.15";"29";"43";"3.72";"37.38";"2";"0";"0";"2";"N";"0.79";"None";"None";"3.75";"3.75";"2";"MOL";"-1";"20";"3";"0";"0";"305.0010";"NEUTRAL";"C15H9Cl2NO2";"O=C1C(=O)N(Cc2ccc(Cl)c(Cl)c2)c2ccccc21"
"CHEMBL2107332";"DIAPLASININ";"DIAPLASININ|PAI-749";"Small molecule";"0";"501.63";"";"";"7.33";"68.62";"5";"1";"2";"10";"N";"0.20";"3.84";"None";"7.76";"6.16";"6";"MOL";"0";"38";"6";"1";"2";"501.2529";"ACID";"C32H31N5O";"CCCCCc1c(-c2ccc3cc(OCc4nnn[nH]4)ccc3c2)n(Cc2ccccc2)c2ccccc12"
"CHEMBL2107749";"ETRICIGUAT";"ETRICIGUAT";"Small molecule";"0";"397.42";"";"";"3.72";"95.40";"7";"1";"0";"4";"N";"0.50";"None";"4.38";"3.48";"3.48";"5";"MOL";"0";"30";"7";"2";"0";"397.1451";"NEUTRAL";"C22H16FN7";"Nc1nc(-c2nn(Cc3ccccc3F)c3ncccc23)ncc1-c1ccncc1"
"CHEMBL1034";"DICLOFENAC SODIUM";"ACOFLAM|ACOFLAM RET|ACOFLAM SR|ARTHRONAC|ARTHROTEC 50|ARTHROTEC 75|CLOSTERIL 100|DEFANAC|DEFANAC RETARD|DEFANAC SR|DEXOMON RET|DEXOMON SR|DICLOFENAC SOD|DICLOFENAC SODIUM|DICLOFENAC SODIUM SALT|DICLOFLEX|DICLOFLEX RET|DICLOFLEX SR|DICLOMAX RET|DICLOMAX SR|DICLOTARD 100 MR|DICLOTARD 75 MR|DICLOVOL|DICLOVOL RET|DICLOVOL SR|DICLOZIP 25|DICLOZIP 50|DIFENOR XL|DIGENAC XL 100|DYLOJECT|ECONAC|ECONAC SR|ECONAC XL|ENSTAR SR|ENSTAR XL|ENZED|FENACTOL|FENACTOL RET|FENACTOL SR|FLAMATAK MR|FLAMRASE|FLAMRASE SR|FLEXOTARD MR|GP 45840|GP-45840|ISCLOFEN|LOFENSAID 25|LOFENSAID 50|LOFENSAID RET 100|LOFENSAID RET 75|MASIDEMEN|MISOFEN|MOBIGEL|MOBIGEL PAINEZE|MOTIFENE|PENNSAID|RHEUMATAC RET 75|RHUMALGAN|RHUMALGAN CR 100|RHUMALGAN CR 75|RHUMALGAN SR|RHUMALGAN XL|SLOFENAC|Solaraze|VALDIC 100 RET|VALDIC 75 RET|VALENAC|VOLRAMAN|VOLSAID RET 100|VOLSAID RET 75|VOLTAREN ARTHRITIS PAIN|VOLTAREN EMULGEL|VOLTAREN RET|VOLTAREN-XR|VOLTARENE|VOLTARENE EMULGEL|VOLTARENE L.P.|VOLTARENE RET|VOLTAROL|VOLTAROL 12 HOUR EMULGEL P|VOLTAROL ACTIVE|VOLTAROL EMULGEL|VOLTAROL EMULGEL P|VOLTAROL GEL PATCH|VOLTAROL OPHTHA|VOLTAROL PAIN-EZE EMULGEL|VOLTAROL RET|VOLTAROL SR|Voltaren";"Small molecule";"4";"318.14";"66";"698";"4.36";"49.33";"2";"2";"0";"4";"N";"0.88";"4.00";"None";"4.26";"1.10";"2";"MOL";"0";"19";"3";"2";"0";"295.0167";"ACID";"C14H10Cl2NNaO2";"O=C([O-])Cc1ccccc1Nc1c(Cl)cccc1Cl.[Na+]"
"CHEMBL485940";"SULFAMETOMIDINE";"SULFAMETOMIDINE";"Small molecule";"0";"294.34";"3";"8";"1.18";"107.20";"6";"2";"0";"4";"N";"0.82";"7.19";"4.64";"1.39";"1.02";"2";"MOL";"0";"20";"7";"3";"0";"294.0787";"NEUTRAL";"C12H14N4O3S";"COc1cc(NS(=O)(=O)c2ccc(N)cc2)nc(C)n1"
"CHEMBL119385";"NEFLAMAPIMOD";"745|NEFLAMAPIMOD|VD-31|VD-31,745|VD-31745|VRT-031745|VX-745";"Small molecule";"2";"436.27";"505";"1429";"5.49";"47.26";"5";"0";"1";"3";"N";"0.43";"None";"None";"4.89";"4.89";"4";"MOL";"0";"28";"4";"0";"1";"434.9811";"None";"C19H9Cl2F2N3OS";"O=c1ncn2nc(Sc3ccc(F)cc3F)ccc2c1-c1c(Cl)cccc1Cl"
"CHEMBL2110756";"MITEMCINAL";"MITEMCINAL";"Small molecule";"2";"755.99";"";"";"4.53";"151.68";"13";"2";"2";"9";"N";"0.32";"12.63";"9.63";"4.90";"2.68";"0";"MOL";"0";"53";"13";"2";"2";"755.4820";"BASE";"C40H69NO12";"CC[C@H]1OC(=O)[C@H](C)[C@@H](O[C@H]2C[C@@](C)(OC)[C@@H](O)[C@H](C)O2)[C@H](C)[C@@H](O[C@@H]2O[C@H](C)C[C@H](N(C)C(C)C)[C@H]2O)[C@@]2(C)CC(C)=C(O2)[C@H](C)C(=O)[C@]1(C)OC"
"CHEMBL446";"SULFAMETHAZINE";"SMZ-MED 454|SULFADIMIDINE|SULFAMETHAZINE|SULFAMETHAZINE (TRISULFAPYRIMIDINES)|SULFAMEZATHINE ('S-MEZ')|Sulfamethazine";"Small molecule";"4";"278.34";"137";"350";"1.48";"97.97";"5";"2";"0";"3";"N";"0.83";"6.99";"2.00";"0.65";"0.21";"2";"MOL";"0";"19";"6";"3";"0";"278.0837";"NEUTRAL";"C12H14N4O2S";"Cc1cc(C)nc(NS(=O)(=O)c2ccc(N)cc2)n1"
"CHEMBL1618279";"REVAPRAZAN";"REVAPRAZAN|SB-641257|YH-1885 FREE BASE";"Small molecule";"2";"362.45";"10";"11";"5.10";"41.05";"4";"1";"1";"3";"N";"0.70";"None";"5.97";"5.84";"5.82";"3";"MOL";"0";"27";"4";"1";"1";"362.1907";"NEUTRAL";"C22H23FN4";"Cc1nc(Nc2ccc(F)cc2)nc(N2CCc3ccccc3C2C)c1C"
"CHEMBL2110618";"MINOPAFANT";"E-5880|MINOPAFANT";"Small molecule";"2";"826.11";"";"";"9.39";"136.82";"9";"1";"2";"28";"N";"0.05";"None";"None";"5.11";"5.11";"2";"MOL";"0";"59";"13";"1";"3";"825.5372";"NEUTRAL";"C46H73N4O9+";"CCCCCCCCCCCCCCCCCCNC(=O)OC1CCN(C(=O)OC[C@H](COC(=O)N(Cc2cccc[n+]2CC)C(=O)c2ccccc2OC)OC)CC1"
"CHEMBL325424";"ALEPLASININ";"ALEPLASININ|PAZ-417";"Small molecule";"1";"425.53";"2";"2";"6.23";"59.30";"3";"1";"1";"5";"N";"0.30";"3.39";"None";"7.24";"3.84";"4";"MOL";"0";"32";"4";"1";"1";"425.1991";"ACID";"C28H27NO3";"Cc1cccc(-c2ccc3c(c2)c(C(=O)C(=O)O)cn3Cc2ccc(C(C)(C)C)cc2)c1"
"CHEMBL278896";"";"";"Small molecule";"0";"551.75";"3";"4";"6.40";"94.12";"7";"0";"2";"25";"N";"0.06";"1.85";"None";"2.71";"4.74";"0";"MOL";"-1";"37";"8";"0";"2";"551.3951";"ACID";"C28H58NO7P";"CCCCCCCCCCCCCCCCOC(C)(C)C(COP(=O)([O-])OCC[N+](C)(C)C)OC(C)=O"
"CHEMBL2103875";"TRAMETINIB";"GSK-1120212|GSK1120212|JTP 74057|JTP-74057|MEKINIST|TMT-212|TMT212|TRAMETINIB";"Small molecule";"4";"615.40";"318";"434";"3.94";"107.13";"8";"2";"1";"5";"N";"0.33";"12.60";"None";"3.18";"3.18";"4";"MOL";"0";"37";"9";"2";"1";"615.0779";"NEUTRAL";"C26H23FIN5O4";"CC(=O)Nc1cccc(-n2c(=O)n(C3CC3)c(=O)c3c(Nc4ccc(I)cc4F)n(C)c(=O)c(C)c32)c1"
"CHEMBL468099";"";"";"Small molecule";"0";"531.55";"8";"10";"3.99";"63.49";"6";"0";"1";"9";"N";"0.31";"None";"8.52";"2.70";"1.55";"3";"MOL";"-1";"38";"7";"0";"1";"531.2257";"BASE";"C27H29F4N5O2";"O=C(C(c1ccc(F)c(F)c1)n1cccn1)N(CCF)CCCN1CCC2(CC1)OCc1cc(F)ncc12"
"CHEMBL2105499";"SULFAPERIN";"ISOSULFAMERAZINE|SULFAPERIN";"Small molecule";"0";"264.31";"1";"2";"1.17";"97.97";"5";"2";"0";"3";"N";"0.81";"7.03";"2.02";"0.90";"0.48";"2";"MOL";"0";"18";"6";"3";"0";"264.0681";"NEUTRAL";"C11H12N4O2S";"Cc1cnc(NS(=O)(=O)c2ccc(N)cc2)nc1"
"CHEMBL2441830";"";"";"Small molecule";"0";"428.32";"7";"20";"4.99";"68.45";"4";"1";"0";"4";"N";"0.64";"11.57";"8.77";"3.50";"2.12";"3";"MOL";"-1";"29";"5";"2";"0";"427.0854";"BASE";"C22H19Cl2N3O2";"COc1ccccc1N1Cc2nc(C)c(CN)c(-c3ccc(Cl)cc3Cl)c2C1=O"
"CHEMBL2105298";"ROCEPAFANT";"ROCEPAFANT";"Small molecule";"0";"535.10";"";"";"5.41";"67.57";"7";"1";"2";"3";"N";"0.35";"None";"4.48";"4.95";"4.95";"4";"MOL";"0";"36";"7";"1";"2";"534.1063";"NEUTRAL";"C26H23ClN6OS2";"COc1ccc(NC(=S)N2CCc3c(sc4c3C(c3ccccc3Cl)=NCc3nnc(C)n3-4)C2)cc1"
"CHEMBL2107253";"SULFADIMETHOXINE SODIUM";"SULFADIMETHOXINE SODIUM";"Small molecule";"4";"332.32";"";"";"0.88";"116.43";"7";"2";"0";"5";"N";"0.79";"6.91";"1.99";"1.26";"0.78";"2";"MOL";"0";"21";"8";"3";"0";"310.0736";"NEUTRAL";"C12H13N4NaO4S";"COc1cc([N-]S(=O)(=O)c2ccc(N)cc2)nc(OC)n1.[Na+]"
"CHEMBL4297616";"OLINCIGUAT";"IW-1701|IW1701|OLINCIGUAT";"Small molecule";"2";"509.40";"";"";"2.51";"144.98";"9";"3";"1";"8";"N";"0.31";"9.07";"0.78";"2.79";"2.79";"4";"MOL";"0";"36";"10";"4";"1";"509.1235";"NEUTRAL";"C21H16F5N7O3";"NC(=O)[C@](O)(CNc1nc(-c2cc(-c3ccon3)n(Cc3ccccc3F)n2)ncc1F)C(F)(F)F"
"CHEMBL158";"AZTREONAM";"AZTREONAM|Azactam|CAYSTON|NSC-646279|SO 26776|SQ 26776|SQ-26776";"Small molecule";"4";"435.44";"244";"2755";"-1.17";"201.58";"10";"4";"0";"7";"N";"0.17";"-1.52";"3.91";"-3.08";"-6.12";"1";"MOL";"0";"28";"13";"5";"1";"435.0519";"ACID";"C13H17N5O8S2";"C[C@H]1[C@H](NC(=O)/C(=N\OC(C)(C)C(=O)O)c2csc(N)n2)C(=O)N1S(=O)(=O)O"
"CHEMBL2105829";"MODIPAFANT";"MODIPAFANT|UK-80067";"Small molecule";"1";"605.10";"";"";"6.35";"111.03";"8";"2";"2";"7";"N";"0.21";"12.04";"4.83";"4.71";"4.71";"5";"MOL";"0";"44";"9";"2";"2";"604.1990";"NEUTRAL";"C34H29ClN6O3";"CCOC(=O)C1=C(c2ccc(-n3c(C)nc4cnccc43)cc2)NC(C)=C(C(=O)Nc2ccccn2)[C@H]1c1ccccc1Cl"
"CHEMBL4299940";"MITAPIVAT";"AG-348|MITAPIVAT";"Small molecule";"3";"450.56";"";"";"3.20";"82.61";"5";"1";"0";"6";"N";"0.62";"6.79";"7.64";"1.62";"1.70";"3";"MOL";"0";"32";"7";"1";"0";"450.1726";"NEUTRAL";"C24H26N4O3S";"O=C(c1ccc(NS(=O)(=O)c2cccc3cccnc23)cc1)N1CCN(CC2CC2)CC1"
"CHEMBL462990";"SULFAMONOMETHOXINE";"SULFAMONOMETHOXINE";"Small molecule";"0";"280.31";"13";"25";"0.87";"107.20";"6";"2";"0";"4";"N";"0.80";"7.15";"3.53";"0.74";"0.38";"2";"MOL";"0";"19";"7";"3";"0";"280.0630";"NEUTRAL";"C11H12N4O3S";"COc1cc(NS(=O)(=O)c2ccc(N)cc2)ncn1"
"CHEMBL2105674";"DILMAPIMOD TOSYLATE";"DILMAPIMOD TOSYLATE|SB-681323-T";"Small molecule";"0";"628.63";"";"";"2.94";"100.27";"7";"3";"0";"6";"N";"0.41";"13.38";"1.96";"3.60";"3.60";"4";"MOL";"0";"33";"7";"3";"0";"456.1409";"NEUTRAL";"C30H27F3N4O6S";"Cc1cc(F)ccc1-c1nc(NC(CO)CO)nc2c1ccc(=O)n2-c1c(F)cccc1F.Cc1ccc(S(=O)(=O)O)cc1"
"CHEMBL670";"TEPA";"TEPA (possesses cytotoxic activity)";"Small molecule";"0";"173.16";"6";"15";"0.04";"26.10";"1";"0";"0";"3";"Y";"0.44";"None";"0.67";"-1.92";"-1.92";"0";"MOL";"-1";"11";"4";"0";"0";"173.0718";"NEUTRAL";"C6H12N3OP";"O=P(N1CC1)(N1CC1)N1CC1"
"CHEMBL363137";"";"";"Small molecule";"0";"435.56";"4";"11";"5.36";"75.63";"4";"2";"1";"7";"N";"0.57";"12.00";"None";"5.76";"5.76";"2";"MOL";"-1";"32";"5";"2";"1";"435.2410";"NEUTRAL";"C27H33NO4";"CC(C)(CC(O)(CC1CCCCC1)C(=O)Nc1ccc2c(c1)COC2=O)c1ccccc1"
"CHEMBL2441838";"";"";"Small molecule";"0";"406.31";"6";"6";"3.96";"68.45";"4";"1";"0";"4";"N";"0.83";"12.43";"8.79";"2.42";"1.02";"2";"MOL";"-1";"27";"5";"2";"0";"405.1011";"BASE";"C20H21Cl2N3O2";"Cc1nc2c(c(-c3ccc(Cl)cc3Cl)c1CN)C(=O)N(C[C@H]1CCCO1)C2"
"CHEMBL2441953";"";"";"Small molecule";"0";"435.36";"6";"6";"3.65";"79.53";"4";"1";"0";"6";"N";"0.75";"12.40";"8.79";"2.00";"0.60";"2";"MOL";"-1";"29";"6";"2";"0";"434.1276";"BASE";"C21H24Cl2N4O2";"CCCN(C)C(=O)CN1Cc2nc(C)c(CN)c(-c3ccc(Cl)cc3Cl)c2C1=O"
"CHEMBL2106049";"CHARCOAL, ACTIVATED";"AST 120|AST-120|CARBO VEGETABILIS|CARBON|CARBON, MEDICINAL|CHARCOAL, ACTIVATED|MEDICINAL CARBON|MEDICINAL CHARCOAL";"Small molecule";"3";"12.01";"";"";"0.08";"0.00";"0";"0";"0";"0";"Y";"0.35";"None";"None";"0.00";"0.00";"0";"MOL";"0";"1";"0";"0";"0";"12.0000";"None";"C";"[C]"
"CHEMBL359839";"SULFABENZ";"SULFABENZ|Sulfabenz";"Small molecule";"0";"248.31";"6";"6";"2.07";"72.19";"3";"2";"0";"3";"N";"0.82";"8.46";"2.27";"1.63";"1.60";"2";"MOL";"0";"17";"4";"3";"0";"248.0619";"NEUTRAL";"C12H12N2O2S";"Nc1ccc(S(=O)(=O)Nc2ccccc2)cc1"
"CHEMBL1191";"SULFAMETHIZOLE";"MICROSUL|Methazol|PROKLAR|SULFAMETHIZOLE|SULPHAMETHIZOLE|Sulfamethizole|Sulphamethylthiadiazole|Tetracid|Thiosulfil|UROLUCOSIL";"Small molecule";"4";"270.34";"131";"366";"1.23";"97.97";"6";"2";"0";"3";"N";"0.82";"6.71";"1.95";"0.21";"-0.36";"2";"MOL";"0";"17";"6";"3";"0";"270.0245";"NEUTRAL";"C9H10N4O2S2";"Cc1nnc(NS(=O)(=O)c2ccc(N)cc2)s1"
"CHEMBL1200351";"SULFADIAZINE SODIUM";"SULFADIAZINE SODIUM";"Small molecule";"4";"272.26";"";"";"0.86";"97.97";"5";"2";"0";"3";"N";"0.79";"6.99";"2.01";"0.39";"-0.05";"2";"MOL";"0";"17";"6";"3";"0";"250.0524";"NEUTRAL";"C10H9N4NaO2S";"Nc1ccc(S(=O)(=O)[N-]c2ncccn2)cc1.[Na+]"
"CHEMBL2441839";"";"";"Small molecule";"0";"406.31";"6";"6";"3.96";"68.45";"4";"1";"0";"4";"N";"0.83";"12.43";"8.79";"2.42";"1.02";"2";"MOL";"-1";"27";"5";"2";"0";"405.1011";"BASE";"C20H21Cl2N3O2";"Cc1nc2c(c(-c3ccc(Cl)cc3Cl)c1CN)C(=O)N(C[C@@H]1CCCO1)C2"
"CHEMBL2107489";"SULFATHIOUREA";"SULFATHIOCARBAMIDE|SULFATHIOUREA|SULPHATHIOUREA";"Small molecule";"0";"231.30";"2";"2";"-0.21";"98.21";"4";"3";"0";"2";"N";"0.48";"6.13";"2.25";"0.30";"-0.50";"1";"MOL";"0";"14";"5";"5";"0";"231.0136";"ACID";"C7H9N3O2S2";"NC(=S)NS(=O)(=O)c1ccc(N)cc1"
"CHEMBL2441847";"";"";"Small molecule";"0";"449.38";"6";"6";"4.04";"79.53";"4";"1";"0";"7";"N";"0.69";"12.44";"8.79";"2.07";"0.67";"2";"MOL";"-1";"30";"6";"2";"0";"448.1433";"BASE";"C22H26Cl2N4O2";"CCN(CC)C(=O)CCN1Cc2nc(C)c(CN)c(-c3ccc(Cl)cc3Cl)c2C1=O"
"CHEMBL1304";"ERYTHRO-HYDROBUPROPION";"Erythro-Hydrobupropion(Active)";"Small molecule";"0";"241.76";"1";"6";"3.15";"32.26";"2";"2";"0";"3";"N";"0.85";"13.81";"9.71";"2.98";"0.71";"1";"MOL";"-1";"16";"2";"2";"0";"241.1233";"BASE";"C13H20ClNO";"CC(NC(C)(C)C)C(O)c1cccc(Cl)c1"
"CHEMBL1945412";"";"";"Small molecule";"0";"382.50";"7";"17";"5.29";"25.24";"3";"0";"1";"5";"N";"0.60";"None";"None";"4.18";"4.18";"3";"MOL";"-1";"27";"3";"0";"1";"382.1515";"NEUTRAL";"C22H23FN2OS";"CCN(CC)C(=O)C1Sc2ccccc2-c2c1c1ccccc1n2CCF"
"CHEMBL3989656";"SULFABROMOMETHAZINE SODIUM";"SULFABROMOMETHAZINE SODIUM";"Small molecule";"0";"397.23";"";"";"2.24";"97.97";"5";"2";"0";"3";"N";"0.82";"6.99";"1.97";"1.42";"0.98";"2";"MOL";"0";"20";"6";"3";"0";"355.9943";"NEUTRAL";"C12H14BrN4NaO3S";"Cc1nc([N-]S(=O)(=O)c2ccc(N)cc2)nc(C)c1Br.O.[Na+]"
"CHEMBL2364607";"COBIMETINIB FUMARATE";"COBIMETINIB FUMARATE|COTELLIC";"Small molecule";"4";"1178.70";"";"";"3.78";"64.60";"4";"3";"1";"4";"N";"0.53";"13.37";"9.76";"5.04";"2.73";"2";"MOL";"0";"30";"5";"3";"1";"531.0631";"BASE";"C46H46F6I2N6O8";"O=C(O)/C=C/C(=O)O.O=C(c1ccc(F)c(F)c1Nc1ccc(I)cc1F)N1CC(O)([C@@H]2CCCCN2)C1.O=C(c1ccc(F)c(F)c1Nc1ccc(I)cc1F)N1CC(O)([C@@H]2CCCCN2)C1"
"CHEMBL443";"SULFAMETHOXAZOLE";"ACETYLSULFAMETHOXAZOLE|Acetylsulfamethoxazole|GANTANOL-DS|Gantanol|NSC-147832|RO 4-2130|RO-4-2130|STX-608|SULFAMETHOXAZOLE|SULFAMETHOXAZOLE SODIUM|SULPHAMETHOXAZOLE|Sinomin|Suphamethoxazole|UROBAK";"Small molecule";"4";"253.28";"186";"1172";"1.37";"98.22";"5";"2";"0";"3";"N";"0.80";"6.16";"1.97";"0.79";"0.00";"2";"MOL";"0";"17";"6";"3";"0";"253.0521";"ACID";"C10H11N3O3S";"Cc1cc(NS(=O)(=O)c2ccc(N)cc2)no1"
"CHEMBL1525826";"SULFALENE";"AS-18908|KELFIZINE W|Kelfizina|LONGUM|NSC-110433|SULFALENE|SULFAMETHOPYRAZINE|SULFAMETOPYRAZINE";"Small molecule";"4";"280.31";"15";"27";"0.87";"107.20";"6";"2";"0";"4";"N";"0.80";"5.91";"1.98";"0.23";"-0.62";"2";"MOL";"0";"19";"7";"3";"0";"280.0630";"ACID";"C11H12N4O3S";"COc1nccnc1NS(=O)(=O)c1ccc(N)cc1"
"CHEMBL4066936";"VERICIGUAT";"BAY 1021189|BAY-1021189|MK-1242|VERICIGUAT";"Small molecule";"3";"426.39";"15";"50";"2.56";"146.86";"9";"3";"0";"4";"N";"0.45";"11.84";"3.53";"2.99";"2.99";"4";"MOL";"0";"31";"10";"5";"0";"426.1364";"NEUTRAL";"C19H16F2N8O2";"COC(=O)Nc1c(N)nc(-c2nn(Cc3ccccc3F)c3ncc(F)cc23)nc1N"
"CHEMBL4297583";"TEGOPRAZAN";"LXI-15028|TEGOPRAZAN";"Small molecule";"3";"387.39";"";"";"3.75";"67.45";"4";"1";"0";"3";"N";"0.74";"11.37";"6.07";"2.32";"2.30";"3";"MOL";"0";"28";"6";"1";"0";"387.1394";"NEUTRAL";"C20H19F2N3O3";"Cc1nc2cc(C(=O)N(C)C)cc(O[C@H]3CCOc4cc(F)cc(F)c43)c2[nH]1"
"CHEMBL325372";"METHYLPARABEN";"E218|METHYL P-HYDROXYBENZOATE|METHYL PARAHYDROXYBENZOATE|METHYLPARABEN";"Small molecule";"0";"152.15";"141";"726";"1.18";"46.53";"3";"1";"0";"1";"Y";"0.61";"8.50";"None";"1.67";"1.64";"1";"MOL";"0";"11";"3";"1";"0";"152.0473";"NEUTRAL";"C8H8O3";"COC(=O)c1ccc(O)cc1"
"CHEMBL2110757";"PIRAZMONAM";"PIRAZMONAM";"Small molecule";"0";"684.63";"5";"6";"-2.93";"316.19";"15";"7";"3";"10";"N";"0.07";"2.82";"3.53";"-3.20";"-6.80";"2";"MOL";"0";"46";"22";"8";"3";"684.1017";"ACID";"C22H24N10O12S2";"CC(C)(O/N=C(\C(=O)NC1CN(C(=O)NS(=O)(=O)N2CCN(NC(=O)c3cc(=O)c(O)c[nH]3)C2=O)C1=O)c1csc(N)n1)C(=O)O"
"CHEMBL270766";"SERGLIFLOZIN A";"";"Small molecule";"0";"376.41";"7";"24";"0.46";"108.61";"7";"4";"0";"6";"N";"0.58";"12.20";"None";"1.34";"1.34";"2";"MOL";"-1";"27";"7";"4";"0";"376.1522";"NEUTRAL";"C20H24O7";"COc1ccc(Cc2ccccc2O[C@@H]2O[C@H](CO)[C@@H](O)[C@H](O)[C@H]2O)cc1"
"CHEMBL194014";"PROPYLPARABEN";"E216|PROPYL PARAHYDROXYBENZOATE|PROPYLPARABEN";"Small molecule";"0";"180.20";"25";"43";"1.96";"46.53";"3";"1";"0";"3";"Y";"0.72";"8.50";"None";"2.55";"2.52";"1";"MOL";"0";"13";"3";"1";"0";"180.0786";"NEUTRAL";"C10H12O3";"CCCOC(=O)c1ccc(O)cc1"
"CHEMBL1201056";"SULFACYTINE";"CI-636|Renoquid|SULFACITINE|SULFACYTINE";"Small molecule";"4";"294.34";"1";"2";"0.65";"107.08";"6";"2";"0";"4";"N";"0.80";"10.55";"2.17";"0.05";"0.05";"2";"MOL";"0";"20";"7";"3";"0";"294.0787";"NEUTRAL";"C12H14N4O3S";"CCn1ccc(NS(=O)(=O)c2ccc(N)cc2)nc1=O"
"CHEMBL2103968";"IDREMCINAL";"EM574|IDREMCINAL";"Small molecule";"0";"743.98";"";"";"3.67";"165.84";"13";"4";"2";"8";"N";"0.27";"12.46";"9.63";"3.40";"1.18";"0";"MOL";"0";"52";"13";"4";"2";"743.4820";"BASE";"C39H69NO12";"CC[C@H]1OC(=O)[C@H](C)[C@@H](O[C@H]2C[C@@](C)(OC)[C@@H](O)[C@H](C)O2)[C@H](C)[C@@H](O[C@@H]2O[C@H](C)C[C@H](N(C)C(C)C)[C@H]2O)[C@@]2(C)CC(C)=C(O2)[C@H](C)[C@@H](O)[C@]1(C)O"
"CHEMBL2107036";"SULFASUCCINAMIDE";"SULFASUCCINAMIDE";"Small molecule";"0";"272.28";"12";"18";"0.14";"126.56";"4";"3";"0";"5";"N";"0.70";"3.37";"None";"-0.36";"-3.77";"1";"MOL";"0";"18";"7";"4";"0";"272.0467";"ACID";"C10H12N2O5S";"NS(=O)(=O)c1ccc(NC(=O)CCC(=O)O)cc1"
"CHEMBL2426109";"";"";"Small molecule";"0";"469.48";"1";"14";"6.00";"46.92";"3";"1";"1";"7";"N";"0.34";"10.96";"0.62";"5.75";"5.75";"4";"MOL";"-1";"34";"4";"1";"1";"469.1777";"NEUTRAL";"C26H23F4N3O";"CC(CNC(=O)CC(F)(F)F)[C@@H](c1ccccc1)c1ccc2c(cnn2-c2ccc(F)cc2)c1"
"CHEMBL4228887";"";"";"Small molecule";"0";"481.92";"1";"1";"2.85";"117.51";"8";"2";"0";"5";"N";"0.45";"3.75";"9.06";"0.67";"0.68";"4";"MOL";"-1";"34";"10";"2";"0";"481.1542";"ZWITTERION";"C22H21ClFN9O";"Cn1ncc(-c2ccc(C(=O)N(c3ncccc3Cl)[C@@H]3CCCNC3)cc2F)c1-c1nnn[nH]1"
"CHEMBL21";"SULFANILAMIDE";"SULFANILAMIDE|Sulfanilamide";"Small molecule";"4";"172.21";"183";"1281";"-0.08";"86.18";"3";"2";"0";"1";"N";"0.58";"10.99";"2.27";"-0.25";"-0.25";"1";"MOL";"0";"11";"4";"4";"0";"172.0306";"NEUTRAL";"C6H8N2O2S";"Nc1ccc(S(N)(=O)=O)cc1"
"CHEMBL2105399";"SULFAMOXOLE";"SULFAMOXOLE|SULPHAMOXOLE";"Small molecule";"0";"267.31";"4";"22";"1.67";"98.22";"5";"2";"0";"3";"N";"0.82";"6.81";"1.94";"0.59";"0.06";"2";"MOL";"0";"18";"6";"3";"0";"267.0678";"NEUTRAL";"C11H13N3O3S";"Cc1nc(NS(=O)(=O)c2ccc(N)cc2)oc1C"
"CHEMBL1375743";"ZIPRASIDONE HYDROCHLORIDE";"CP-88,059-1|CP-88059-1|CP-880591|Geodon|ZELDOX|ZIPRASIDONE HYDROCHLORIDE|ZIPRASIDONE HYDROCHLORIDE HYDRATE|ZIPRASIDONE HYDROCHLORIDE MONOHYDRATE";"Small molecule";"4";"467.42";"17";"22";"3.81";"48.47";"5";"1";"0";"4";"N";"0.71";"12.21";"7.09";"4.30";"4.13";"3";"MOL";"0";"28";"5";"1";"0";"412.1125";"NEUTRAL";"C21H24Cl2N4O2S";"Cl.O.O=C1Cc2cc(CCN3CCN(c4nsc5ccccc45)CC3)c(Cl)cc2N1"
"CHEMBL2441848";"";"";"Small molecule";"0";"449.38";"6";"6";"4.04";"79.53";"4";"1";"0";"6";"N";"0.72";"12.38";"8.79";"2.40";"1.00";"2";"MOL";"-1";"30";"6";"2";"0";"448.1433";"BASE";"C22H26Cl2N4O2";"CCN(CC)C(=O)[C@@H](C)N1Cc2nc(C)c(CN)c(-c3ccc(Cl)cc3Cl)c2C1=O"
"CHEMBL14021";"PROPIONIC ACID";"E-280|E280|Ethanecarboxylic acid|FEMA NO. 2924|INS NO.280|INS-280|PROPIONIC ACID";"Small molecule";"2";"74.08";"19";"76";"0.48";"37.30";"1";"1";"0";"1";"Y";"0.49";"4.75";"None";"0.48";"-2.12";"0";"MOL";"0";"5";"2";"1";"0";"74.0368";"ACID";"C3H6O2";"CCC(=O)O"
"CHEMBL26630";"SULFATROXAZOLE";"SULFATROXAZOLE|Sulfatroxazole";"Small molecule";"0";"267.31";"3";"5";"1.67";"98.22";"5";"2";"0";"3";"N";"0.82";"6.09";"2.02";"1.30";"0.50";"2";"MOL";"0";"18";"6";"3";"0";"267.0678";"ACID";"C11H13N3O3S";"Cc1onc(NS(=O)(=O)c2ccc(N)cc2)c1C"
"CHEMBL455";"SULFACETAMIDE";"Bleph-10|Bleph-30|Cetamide|FML-S|Klaron|NSC-63871|Ocusulf-10|Ocusulf-30|SULF-10|SULF-15|SULFACETAMIDE|SULFACETAMIDE (TRIPLE SULFA)|SULPHACETAMIDE|Sulfacel-15|Sulfacetamide|Sulfair-15|Sulster|Sulten-10";"Small molecule";"4";"214.25";"35";"89";"0.09";"89.26";"4";"2";"0";"2";"N";"0.68";"4.30";"2.14";"-0.26";"-1.20";"1";"MOL";"0";"14";"5";"3";"0";"214.0412";"ACID";"C8H10N2O3S";"CC(=O)NS(=O)(=O)c1ccc(N)cc1"
"CHEMBL3989667";"SULFAMETHOXYPYRIDAZINE ACETYL";"Midicel Acetyl|SULFAMETHOXYPYRIDAZINE ACETYL";"Small molecule";"0";"322.35";"";"";"0.81";"115.48";"7";"1";"0";"4";"N";"0.83";"None";"1.61";"0.45";"0.45";"2";"MOL";"0";"22";"8";"2";"0";"322.0736";"NEUTRAL";"C13H14N4O4S";"COc1ccc(N(C(C)=O)S(=O)(=O)c2ccc(N)cc2)nn1"
"CHEMBL3989954";"ROSIPTOR";"AQX-1125|AQX-1125 free base|ROSIPTOR";"Small molecule";"3";"321.50";"";"";"3.10";"66.48";"3";"3";"0";"3";"N";"0.70";"None";"10.20";"2.01";"-0.59";"0";"MOL";"0";"23";"3";"4";"0";"321.2668";"BASE";"C20H35NO2";"C=C1CC[C@H]2[C@H](CN)[C@@H]([C@@]3(C)CC[C@H](O)C[C@@H]3CO)CC[C@]12C"
"CHEMBL421";"SULFASALAZINE";"AZULFIDINE EN-TABS|Azulfidine|Azulfidine EN|COLIZINE|NSC-203730|NSC-667219|S.A.S.-500|S.a.s.|SALAZOPYRIN|SALAZOPYRIN E.C.|SALAZOPYRIN-EN|SALAZOSULFAPYRIDINE|SALICYLAZOSULFAPYRIDINE|SAS-500|SULFASALAZINE|SULPHASALAZINE|Salazosulfapyridine|Salicylazosulfapyridine|UCINE";"Small molecule";"4";"398.40";"168";"2126";"3.70";"141.31";"7";"3";"0";"6";"N";"0.54";"3.23";"0.55";"4.25";"0.25";"3";"MOL";"0";"28";"9";"3";"0";"398.0685";"ACID";"C18H14N4O5S";"O=C(O)c1cc(/N=N/c2ccc(S(=O)(=O)Nc3ccccn3)cc2)ccc1O"
"CHEMBL4297508";"DORZAGLIATIN";"DORZAGLIATIN|HMS-5552|HMS5552|RO-5305552|RO5305552";"Small molecule";"3";"462.93";"";"";"2.05";"116.92";"7";"3";"0";"10";"N";"0.50";"8.71";"1.06";"1.97";"1.95";"2";"MOL";"0";"32";"9";"3";"0";"462.1670";"NEUTRAL";"C22H27ClN4O5";"CC(C)C[C@@H](C(=O)Nc1ccn(C[C@@H](O)CO)n1)N1CC(Oc2ccccc2Cl)=CC1=O"
"CHEMBL18345";"";"";"Small molecule";"0";"537.72";"3";"15";"6.01";"94.12";"7";"0";"2";"25";"N";"0.06";"1.85";"None";"2.43";"4.45";"0";"MOL";"-1";"36";"8";"0";"2";"537.3794";"ACID";"C27H56NO7P";"CCCCCCCCCCCCCCCCOC(C)C(COP(=O)([O-])OCC[N+](C)(C)C)OC(C)=O"
"CHEMBL2441835";"";"";"Small molecule";"0";"417.30";"6";"6";"4.27";"85.25";"5";"1";"0";"4";"N";"0.69";"12.41";"8.79";"2.37";"0.97";"3";"MOL";"-1";"28";"6";"2";"0";"416.0807";"BASE";"C20H18Cl2N4O2";"Cc1cc(CN2Cc3nc(C)c(CN)c(-c4ccc(Cl)cc4Cl)c3C2=O)no1"
"CHEMBL1922673";"FIBOFLAPON SODIUM";"AM-803 SODIUM|FIBOFLAPON SODIUM|GSK-2190915A|GSK2190915A|SODIUM SALT";"Small molecule";"3";"659.83";"3";"9";"8.98";"86.47";"7";"1";"2";"12";"N";"0.14";"4.66";"4.05";"7.92";"5.63";"5";"MOL";"0";"46";"7";"1";"2";"637.2974";"ACID";"C38H42N3NaO4S";"CCOc1ccc(-c2ccc(Cn3c(CC(C)(C)C(=O)[O-])c(SC(C)(C)C)c4cc(OCc5ccc(C)cn5)ccc43)cc2)cn1.[Na+]"
"CHEMBL2104954";"BALAMAPIMOD";"BALAMAPIMOD|Balamapimod|MKI-833";"Small molecule";"1";"574.15";"";"";"6.46";"82.24";"9";"1";"2";"7";"N";"0.27";"None";"9.82";"5.39";"3.00";"4";"MOL";"0";"40";"8";"1";"2";"573.2078";"BASE";"C30H32ClN7OS";"COc1cc2c(Nc3ccc(Sc4nccn4C)c(Cl)c3)c(C#N)cnc2cc1N1CCC(N2CCCC2)CC1"
"CHEMBL1793889";"OMIGANAN PENTAHYDROCHLORIDE";"OMIGANAN PENTAHYDROCHLORIDE";"Protein";"0";"1961.49";"26";"116";"None";"None";"None";"None";"None";"None";"None";"None";"None";"None";"None";"None";"None";"BOTH";"0";"None";"None";"None";"None";"1778.0158";"None";"C90H132Cl5N27O12";"CC[C@H](C)[C@H](N)C(=O)N[C@@H](CC(C)C)C(=O)N[C@@H](CCCNC(=N)N)C(=O)N[C@@H](Cc1c[nH]c2ccccc12)C(=O)N1CCC[C@H]1C(=O)N[C@@H](Cc1c[nH]c2ccccc12)C(=O)N[C@@H](Cc1c[nH]c2ccccc12)C(=O)N1CCC[C@H]1C(=O)N[C@@H](Cc1c[nH]c2ccccc12)C(=O)N[C@@H](CCCNC(=N)N)C(=O)N[C@@H](CCCNC(=N)N)C(=O)N[C@@H](CCCCN)C(N)=O.Cl.Cl.Cl.Cl.Cl"
"CHEMBL1615933";"OMIGANAN";"OMIGANAN";"Protein";"3";"1779.18";"2";"2";"None";"None";"None";"None";"None";"None";"None";"None";"None";"None";"None";"None";"None";"BOTH";"0";"None";"None";"None";"None";"1778.0158";"None";"C90H127N27O12";"CC[C@H](C)[C@H](N)C(=O)N[C@@H](CC(C)C)C(=O)N[C@@H](CCCNC(=N)N)C(=O)N[C@@H](Cc1c[nH]c2ccccc12)C(=O)N1CCC[C@H]1C(=O)N[C@@H](Cc1c[nH]c2ccccc12)C(=O)N[C@@H](Cc1c[nH]c2ccccc12)C(=O)N1CCC[C@H]1C(=O)N[C@@H](Cc1c[nH]c2ccccc12)C(=O)N[C@@H](CCCNC(=N)N)C(=O)N[C@@H](CCCNC(=N)N)C(=O)N[C@@H](CCCCN)C(N)=O"
"CHEMBL417799";"SANGUINARIUM";"Sanguinarine";"Small molecule";"0";"332.34";"96";"259";"3.43";"40.80";"4";"0";"0";"0";"N";"0.37";"None";"None";"-0.94";"-0.94";"4";"MOL";"0";"25";"5";"0";"0";"332.0917";"NEUTRAL";"C20H14NO4+";"C[n+]1cc2c3c(ccc2c2ccc4cc5c(cc4c21)OCO5)OCO3"
"CHEMBL720";"BENZYL ALCOHOL";"BENZYL ALCOHOL|Benzyl Alcohol|E-1519|E1519|FEMA NO. 2137|INS NO.1519|INS-1519|NSC-8044|PHENYLCARBINOL|ULESFIA";"Small molecule";"4";"108.14";"123";"305";"1.18";"20.23";"1";"1";"0";"1";"Y";"0.57";"None";"None";"1.21";"1.21";"1";"MOL";"0";"8";"1";"1";"0";"108.0575";"NEUTRAL";"C7H8O";"OCc1ccccc1"
"CHEMBL322832";"LEXIPAFANT";"BB-882|DO6|LEXIPAFANT|Lexipafant";"Small molecule";"0";"458.58";"8";"20";"3.39";"94.39";"7";"0";"0";"9";"N";"0.46";"None";"5.10";"2.97";"2.97";"3";"MOL";"0";"32";"8";"0";"0";"458.1988";"NEUTRAL";"C23H30N4O4S";"CCOC(=O)[C@H](CC(C)C)N(C)S(=O)(=O)c1ccc(Cn2c(C)nc3cnccc32)cc1"
"CHEMBL708";"ZIPRASIDONE";"CP-88059|Geodon|ZIPRASIDONE|Ziprasidone";"Small molecule";"4";"412.95";"62";"255";"3.81";"48.47";"5";"1";"0";"4";"N";"0.71";"12.21";"7.09";"4.30";"4.13";"3";"MOL";"0";"28";"5";"1";"0";"412.1125";"NEUTRAL";"C21H21ClN4OS";"O=C1Cc2cc(CCN3CCN(c4nsc5ccccc45)CC3)c(Cl)cc2N1"
"CHEMBL2106852";"METHALLIBURE";"AY-61122|ICI-33,828|METALLIBURE|METHALLIBURE";"Small molecule";"0";"218.35";"";"";"0.03";"48.12";"2";"4";"0";"2";"N";"0.30";"12.95";"None";"1.09";"1.09";"0";"MOL";"0";"13";"4";"4";"0";"218.0660";"NEUTRAL";"C7H14N4S2";"C=CC(C)NC(=S)NNC(=S)NC"
"CHEMBL1723241";"SULFACETAMIDE SODIUM";"ALBUCID|BLEPH-10|BLEPH-30|Bleph|Cetamide|ISOPTO CETAMIDE|Klaron|NOVACET|NSC-625324|OCUSOL|OCUSULF-10|OCUSULF-30|Ocusulf|SODIUM SULFACETAMIDE|SULF-10|SULF-15|SULFACEL-15|SULFACETAMIDE SODIUM|SULFACETAMIDE SODIUM SALT|SULFACETAMIDE SODIUM SALT MONOHYDRATE|SULFAIR 10|SULFAIR FORTE|SULFAIR-15|SULTEN-10|Sodium Sulamyd|Sulfacel";"Small molecule";"4";"254.24";"8";"8";"0.09";"89.26";"4";"2";"0";"2";"N";"0.68";"4.30";"2.14";"-0.26";"-1.20";"1";"MOL";"0";"14";"5";"3";"0";"214.0412";"ACID";"C8H11N2NaO4S";"CC(=O)[N-]S(=O)(=O)c1ccc(N)cc1.O.[Na+]"
"CHEMBL514201";"TALMAPIMOD";"SCIO 469|SCIO-469|TALMAPIMOD|Talmapimod";"Small molecule";"2";"513.01";"301";"340";"3.98";"65.86";"5";"0";"1";"5";"N";"0.38";"None";"5.87";"3.90";"3.89";"3";"MOL";"0";"36";"7";"0";"1";"512.1990";"NEUTRAL";"C27H30ClFN4O3";"C[C@H]1CN(C(=O)c2cc3c(C(=O)C(=O)N(C)C)cn(C)c3cc2Cl)[C@H](C)CN1Cc1ccc(F)cc1"
"CHEMBL2104908";"SULFAZAMET";"SULFAPYRAZOLE|SULFAZAMET";"Small molecule";"0";"328.40";"";"";"2.56";"90.01";"5";"2";"0";"4";"N";"0.72";"6.82";"3.06";"1.94";"1.41";"3";"MOL";"0";"23";"6";"3";"0";"328.0994";"NEUTRAL";"C16H16N4O2S";"Cc1cc(NS(=O)(=O)c2ccc(N)cc2)n(-c2ccccc2)n1"
"CHEMBL522502";"";"";"Small molecule";"0";"356.43";"233";"477";"4.66";"73.06";"5";"2";"0";"6";"N";"0.49";"None";"5.37";"4.18";"4.17";"4";"MOL";"-1";"27";"5";"3";"0";"356.1637";"NEUTRAL";"C22H20N4O";"Nc1ccc2ncnc(NCCc3ccc(Oc4ccccc4)cc3)c2c1"
"CHEMBL2079130";"VONOPRAZAN";"TAK-438|TAKECAB|VOCINTI|VONOPRAZAN";"Small molecule";"3";"345.40";"3";"4";"2.65";"63.99";"5";"1";"0";"5";"N";"0.77";"None";"8.94";"2.03";"0.49";"3";"MOL";"0";"24";"5";"1";"0";"345.0947";"BASE";"C17H16FN3O2S";"CNCc1cc(-c2ccccc2F)n(S(=O)(=O)c2cccnc2)c1"
